{"label": {"acc": 0.5416666666666666, "precision": 0.6013888888888889, "recall": 0.5416666666666666, "f_score": 0.5459671907040328}, "linking": {"acc": 0.012578616352201259, "precision": 0.0136986301369863, "recall": 0.13333333333333333, "f_score": 0.024844720496894408}}