{"label": {"acc": 0.7435897435897436, "precision": 0.745920745920746, "recall": 0.7435897435897436, "f_score": 0.7440781440781442}, "linking": {"acc": 0.00946372239747634, "precision": 0.010101010101010102, "recall": 0.13043478260869565, "f_score": 0.01875}}