{"label": {"acc": 0.7105263157894737, "precision": 0.7191295546558706, "recall": 0.7105263157894737, "f_score": 0.7042606516290728}, "linking": {"acc": 0.015, "precision": 0.016042780748663103, "recall": 0.1875, "f_score": 0.02955665024630542}}