{"faster_rcnn_scores": [0.8551552891731262, 0.9187003374099731, 0.8729403018951416, 0.9707068800926208, 0.7347858548164368, 0.8137259483337402, 0.9526124596595764, 0.5938725471496582, 0.8991963267326355, 0.9421013593673706, 0.9698342084884644, 0.9502581357955933, 0.817572295665741, -1.0, 0.804129958152771, 0.6262599229812622, 0.6537300944328308, 0.774290144443512, 0.6627522706985474, 0.6537300944328308, 0.8871058821678162, 0.8259997963905334, 0.9170371294021606, 0.8361459970474243, 0.8574457764625549, 0.6045514345169067, 0.6959907412528992, 0.976118266582489, 0.5195955038070679, 0.9803977012634277, 0.6993958950042725, 0.7547397613525391, 0.5529299378395081, 0.5563576817512512, 0.9909913539886475, 0.9099935293197632, 0.5251889228820801, 0.7515591382980347, 0.6462793946266174, 0.6209815740585327, 0.9798627495765686], "siamese_scores": {"0": [0.9564781785011292], "1": [0.9564781785011292, 0.8007996678352356, 0.5937463641166687], "2": [0.8007996678352356], "3": [0.8562144041061401, 0.5155994296073914], "4": [0.5937463641166687, 0.8562144041061401, 0.5218454003334045], "5": [0.9217172861099243, 0.8105447292327881], "6": [0.9217172861099243, 0.6290700435638428], "7": [0.5155994296073914, 0.5218454003334045, 0.8105447292327881, 0.6290700435638428, 0.7158054113388062, 0.8877145051956177, 0.5222829580307007, 0.5583260655403137, 0.9198902249336243, 0.5240256786346436, 0.588385283946991, 0.5593855381011963, 0.5119354128837585], "8": [0.7158054113388062, 0.9894992113113403, 0.6267188191413879, 0.8532129526138306, 0.7347128987312317], "9": [0.8877145051956177, 0.9894992113113403], "10": [0.5222829580307007, 0.6267188191413879, 0.9227613806724548, 0.5549423098564148], "11": [0.5583260655403137, 0.8532129526138306, 0.9227613806724548], "12": [], "13": [0.9198902249336243, 0.7347128987312317, 0.5549423098564148, 0.8284705281257629, 0.7270910739898682, 0.7173011898994446, 0.7046069502830505, 0.6854499578475952, 0.5553737878799438, 0.5306369066238403], "14": [0.8565603494644165, 0.8755961656570435, 0.7299928069114685], "15": [0.5240256786346436, 0.8284705281257629, 0.8565603494644165, 0.5442936420440674], "16": [0.8858884572982788], "17": [0.8755961656570435, 0.8492480516433716], "18": [0.588385283946991, 0.7270910739898682, 0.5442936420440674], "19": [0.8451027274131775], "20": [0.8492480516433716, 0.7471690773963928, 0.7946643233299255], "21": [0.5593855381011963, 0.7173011898994446, 0.7471690773963928], "22": [0.7299928069114685, 0.7946643233299255], "23": [0.5119354128837585, 0.7046069502830505], "24": [0.6854499578475952], "25": [0.5553737878799438, 0.978339433670044], "26": [0.8858884572982788, 0.8451027274131775, 0.978339433670044, 0.7077040672302246, 0.809721827507019, 0.5250778198242188], "27": [0.7077040672302246, 0.8150096535682678], "28": [0.5306369066238403, 0.809721827507019, 0.8150096535682678, 0.5394076108932495], "29": [0.5250778198242188, 0.7941948175430298], "30": [0.7941948175430298, 0.5826827883720398], "31": [0.6977941989898682, 0.6837055087089539, 0.5950199365615845], "32": [0.5394076108932495, 0.5826827883720398, 0.9142183661460876], "33": [0.6977941989898682, 0.9142183661460876, 0.7225002646446228], "34": [], "35": [0.5037978887557983, 0.9407845735549927, 0.5043887495994568], "36": [0.8904538750648499], "37": [0.5037978887557983, 0.8904538750648499, 0.9729265570640564], "38": [0.6837055087089539, 0.7225002646446228, 0.9407845735549927, 0.9729265570640564, 0.9976224303245544, 0.8906150460243225], "39": [0.5950199365615845, 0.5043887495994568, 0.9976224303245544], "40": [0.8906150460243225]}}