{"label": {"acc": 0.8809523809523809, "precision": 0.9014778325123152, "recall": 0.8809523809523809, "f_score": 0.8765870747002822}, "linking": {"acc": 0.0036900369003690036, "precision": 0.0041841004184100415, "recall": 0.030303030303030304, "f_score": 0.007352941176470588}}