{"label": {"acc": 0.8, "precision": 0.8736134453781513, "recall": 0.8, "f_score": 0.8267422120363297}, "linking": {"acc": 0.007052186177715092, "precision": 0.007704160246533128, "recall": 0.07692307692307693, "f_score": 0.014005602240896357}}