{"faster_rcnn_scores": [-1.0, -1.0, -1.0, 0.7074646949768066, 0.9852079153060913, 0.8975792527198792, 0.9083331227302551, 0.8789032697677612, 0.7070331573486328, 0.9006456136703491, 0.5186275839805603, -1.0, 0.8228639364242554, 0.7990562915802002, 0.9633879661560059, 0.6505778431892395, 0.9024620652198792, 0.7442517280578613, 0.9555964469909668, 0.9348849654197693, 0.9289925694465637, 0.9021274447441101, 0.9554046988487244, 0.8428881764411926, 0.871810257434845, 0.9488479495048523, 0.7193984389305115, 0.8604750633239746, 0.5084038972854614, -1.0, 0.8793855905532837, 0.8793855905532837, -1.0, 0.7617881894111633, 0.7374348044395447, 0.8793855905532837, -1.0, 0.5886080861091614, 0.7617881894111633, -1.0, 0.712669312953949, -1.0, 0.7086902260780334, 0.5926281213760376, 0.6685194373130798, 0.5384966135025024, 0.96225905418396, 0.9154059290885925, 0.8077905774116516, 0.8823839426040649, 0.7835914492607117, 0.9461153745651245, 0.8092427849769592, 0.943972647190094, 0.9714711904525757, 0.9920328259468079, 0.8773207068443298, 0.9681300520896912, 0.5345013737678528, 0.8974396586418152, 0.6675706505775452, 0.9500517249107361, 0.7202277183532715, 0.9547507166862488, -1.0, 0.7476751804351807, 0.8653738498687744, -1.0, -1.0, -1.0, 0.7281677722930908, 0.5152800679206848, -1.0, -1.0, 0.7712144255638123, -1.0, -1.0, 0.7281677722930908, 0.5152800679206848, 0.5342974662780762, 0.8605937957763672, 0.7131780385971069, 0.9752930998802185, 0.8728926181793213, 0.8210250735282898, 0.9122157096862793, 0.9562237858772278, 0.8044751286506653, 0.9908937215805054, 0.7657942175865173, 0.8493055701255798], "siamese_scores": {"0": [0.7710795402526855, 0.8564525246620178, 0.7178829908370972, 0.9666805267333984, 0.5745415091514587], "1": [0.9502934217453003, 0.9730508327484131], "2": [0.7630833387374878, 0.8742334246635437, 0.8686272501945496, 0.5760847926139832, 0.7661604285240173, 0.5556109547615051, 0.5105262398719788], "3": [0.7710795402526855, 0.8030048608779907, 0.9229210019111633], "4": [0.8564525246620178, 0.9502934217453003, 0.7630833387374878, 0.8030048608779907, 0.6235777735710144, 0.7532867193222046, 0.9477189183235168], "5": [0.8742334246635437, 0.6235777735710144, 0.6619997620582581], "6": [0.8686272501945496], "7": [0.5760847926139832, 0.9445987343788147], "8": [0.7661604285240173, 0.8970237970352173], "9": [0.7178829908370972, 0.998163640499115, 0.688840925693512], "10": [0.9666805267333984, 0.9730508327484131, 0.9229210019111633, 0.7532867193222046, 0.6619997620582581, 0.9445987343788147, 0.8970237970352173, 0.998163640499115, 0.9976245760917664, 0.9119594693183899, 0.9336617588996887, 0.5558880567550659, 0.7836198210716248, 0.797688364982605, 0.630480945110321, 0.5611651539802551, 0.6288868188858032, 0.6069644689559937, 0.7323523163795471, 0.6933097839355469, 0.6620330214500427], "11": [0.9477189183235168, 0.688840925693512, 0.9976245760917664, 0.81863933801651, 0.8152012228965759, 0.6072811484336853, 0.5008432865142822, 0.664219856262207, 0.6306459903717041, 0.610947847366333, 0.5860954523086548, 0.5523684024810791, 0.5631664991378784], "12": [0.5745415091514587, 0.9119594693183899, 0.81863933801651, 0.6500704884529114], "13": [0.9336617588996887, 0.8152012228965759], "14": [0.5556109547615051, 0.5558880567550659], "15": [0.7836198210716248, 0.6072811484336853, 0.6500704884529114, 0.6169155836105347, 0.5663031935691833], "16": [0.6169155836105347, 0.5114421248435974], "17": [0.797688364982605, 0.5008432865142822, 0.5181254744529724], "18": [0.5378758311271667], "19": [0.5114421248435974, 0.5838214159011841, 0.5196254253387451], "20": [0.630480945110321, 0.6459934711456299, 0.6327601075172424], "21": [0.5378758311271667, 0.5587526559829712, 0.579684853553772, 0.5539467334747314, 0.5278499722480774], "22": [0.5453621745109558, 0.6311160922050476, 0.5651034712791443, 0.5055341124534607, 0.5287075638771057], "23": [0.5611651539802551, 0.5528896450996399, 0.6842140555381775, 0.6717696189880371], "24": [0.5587526559829712], "25": [0.8060011267662048, 0.6763203144073486, 0.6081726551055908, 0.5501223802566528, 0.5787415504455566, 0.5042943358421326], "26": [0.6288868188858032, 0.5528896450996399, 0.6410360932350159, 0.6201546788215637], "27": [0.5134559273719788], "28": [0.664219856262207, 0.5834628939628601], "29": [0.6069644689559937, 0.5663031935691833, 0.5453621745109558, 0.8060011267662048, 0.5834628939628601, 0.9437229633331299, 0.827632486820221, 0.7308040857315063, 0.7348446846008301, 0.5439625978469849], "30": [0.9437229633331299, 0.924911618232727, 0.5668337941169739, 0.7145659327507019, 0.6107929944992065, 0.6185861229896545], "31": [0.9241198897361755, 0.5090500712394714, 0.6958565711975098, 0.7336598038673401, 0.68241286277771, 0.663629949092865, 0.6370378732681274, 0.6048652529716492, 0.59818434715271, 0.5393584370613098, 0.5055945515632629], "32": [0.7323523163795471, 0.5181254744529724, 0.6459934711456299, 0.6842140555381775, 0.6410360932350159, 0.924911618232727, 0.9241198897361755, 0.6572729349136353, 0.6238375306129456, 0.7834711074829102, 0.8912508487701416, 0.9292309284210205, 0.8697466254234314, 0.7829217910766602, 0.842168927192688, 0.7896614670753479, 0.7008839249610901, 0.753693163394928, 0.786433219909668, 0.7126452326774597, 0.6410655379295349, 0.6055088043212891, 0.5466198921203613, 0.677159309387207, 0.5974806547164917], "33": [0.6572729349136353, 0.7222565412521362, 0.6763486862182617, 0.6290194988250732, 0.579276442527771], "34": [0.827632486820221, 0.5668337941169739, 0.6238375306129456, 0.5690534710884094, 0.9167969822883606, 0.59702068567276, 0.6320518851280212, 0.7913342118263245, 0.7196270823478699, 0.6523686051368713, 0.662846565246582, 0.6072880029678345, 0.5505210161209106, 0.5080884099006653], "35": [0.5090500712394714, 0.7834711074829102, 0.5690534710884094, 0.9407939314842224, 0.8257617354393005, 0.5688139200210571, 0.751164972782135, 0.7126070261001587, 0.681588351726532, 0.6510302424430847, 0.6536809802055359, 0.5979964733123779, 0.5647106170654297, 0.529895544052124], "36": [0.6933097839355469, 0.6327601075172424, 0.6717696189880371, 0.6201546788215637, 0.7145659327507019, 0.6958565711975098, 0.9167969822883606, 0.9407939314842224, 0.9628406763076782, 0.668290376663208, 0.9526663422584534, 0.9406171441078186, 0.6654567718505859, 0.8425578474998474, 0.8865581750869751, 0.8250112533569336, 0.7757673263549805, 0.779798686504364, 0.8180358409881592, 0.7415043711662292, 0.679216206073761, 0.6455576419830322, 0.5894920229911804, 0.5276192426681519, 0.7024540305137634, 0.6261669397354126], "37": [0.8912508487701416, 0.9628406763076782, 0.6499537229537964, 0.9283062815666199, 0.7133158445358276, 0.8589262366294861, 0.8779353499412537, 0.6184144616127014, 0.7738730311393738, 0.714674711227417], "38": [0.668290376663208, 0.6499537229537964, 0.9223499894142151, 0.775068998336792, 0.7097557783126831, 0.6630246639251709], "39": [0.7222565412521362, 0.9283062815666199, 0.9223499894142151, 0.6949816942214966, 0.7356974482536316, 0.9577673077583313, 0.8877570629119873, 0.8245927095413208], "40": [0.7308040857315063, 0.6107929944992065, 0.59702068567276, 0.9473673105239868, 0.8465045094490051, 0.7272165417671204, 0.8891134858131409, 0.5137558579444885, 0.8527027368545532, 0.7999888062477112, 0.7605981826782227, 0.7296255826950073, 0.7547927498817444, 0.6941497325897217, 0.6608909368515015, 0.5472322106361389, 0.513254702091217], "41": [0.6620330214500427, 0.7336598038673401, 0.6320518851280212, 0.8257617354393005, 0.7133158445358276, 0.9473673105239868, 0.9917808175086975, 0.9879422783851624, 0.9315510392189026, 0.8267284631729126, 0.9040791988372803, 0.9566707611083984, 0.5372865200042725, 0.6198930144309998, 0.9417099356651306, 0.7013441920280457, 0.9299591183662415, 0.6662125587463379, 0.9192327260971069, 0.8844143152236938, 0.8903972506523132, 0.872200608253479, 0.8517711162567139],