{"label": {"acc": 0.7368421052631579, "precision": 0.819078947368421, "recall": 0.7368421052631579, "f_score": 0.6881091617933722}, "linking": {"acc": 0.03225806451612903, "precision": 0.03508771929824561, "recall": 0.2857142857142857, "f_score": 0.0625}}