{"faster_rcnn_scores": [0.5877480506896973, 0.8231527209281921, -1.0, 0.8849872350692749, 0.5221789479255676, 0.733124852180481, 0.547504186630249, 0.8456456065177917, 0.9588282108306885, 0.9481536149978638, -1.0, 0.947245180606842, 0.7094406485557556, 0.9298142194747925, 0.7722182273864746, 0.8754948973655701, 0.7722182273864746, 0.7722182273864746, 0.7722182273864746, 0.7220159769058228, 0.7249131798744202, 0.649689257144928, 0.7403821349143982, 0.7520676851272583, 0.9885973334312439, 0.9896638989448547], "siamese_scores": {"0": [0.6800306439399719], "1": [0.9864077568054199], "2": [0.6800306439399719, 0.9864077568054199, 0.8337519764900208, 0.8089473247528076], "3": [0.8337519764900208, 0.6571347713470459], "4": [0.8089473247528076, 0.6571347713470459, 0.6122890114784241], "5": [0.5009528994560242], "6": [0.6080724000930786, 0.6282938122749329, 0.5559338927268982, 0.5035843253135681, 0.6197983622550964, 0.581148087978363, 0.5923990607261658], "7": [0.5009528994560242, 0.6080724000930786, 0.5175968408584595], "8": [0.6220120787620544], "9": [0.5175968408584595, 0.6220120787620544, 0.9821414947509766, 0.6082191467285156, 0.6001868844032288], "10": [0.6282938122749329, 0.9821414947509766, 0.9812949895858765, 0.6297546625137329], "11": [0.6082191467285156, 0.9457497000694275, 0.6339625716209412], "12": [0.5559338927268982, 0.6001868844032288, 0.9812949895858765, 0.9457497000694275, 0.9449887275695801, 0.910896897315979, 0.8637924194335938, 0.8354708552360535, 0.7355128526687622], "13": [0.9261645078659058], "14": [0.6122890114784241, 0.5035843253135681, 0.6339625716209412, 0.9449887275695801, 0.9261645078659058, 0.9767814874649048, 0.5321723222732544, 0.691575288772583], "15": [0.9767814874649048, 0.8063531517982483, 0.5691991448402405], "16": [0.6197983622550964, 0.910896897315979, 0.5321723222732544, 0.8063531517982483, 0.5727390050888062, 0.8259240388870239], "17": [0.581148087978363, 0.8637924194335938, 0.5691991448402405, 0.5727390050888062, 0.5176706314086914, 0.7829869985580444], "18": [0.5923990607261658, 0.8354708552360535, 0.5176706314086914, 0.9304633140563965], "19": [0.6297546625137329, 0.7355128526687622, 0.691575288772583, 0.8259240388870239, 0.7829869985580444, 0.9304633140563965], "20": [0.5190085768699646], "21": [0.5190085768699646, 0.5066907405853271], "22": [0.5066907405853271, 0.5041524171829224], "23": [0.5041524171829224], "24": [], "25": []}}