{"label": {"acc": 0.7222222222222222, "precision": 0.832010582010582, "recall": 0.7222222222222222, "f_score": 0.6607936507936507}, "linking": {"acc": 0.025, "precision": 0.02702702702702703, "recall": 0.25, "f_score": 0.04878048780487805}}