{"label": {"acc": 0.5882352941176471, "precision": 0.641042780748663, "recall": 0.5882352941176471, "f_score": 0.5874640744809526}, "linking": {"acc": 0.014336917562724014, "precision": 0.015037593984962405, "recall": 0.23529411764705882, "f_score": 0.028268551236749116}}