{"label": {"acc": 0.9130434782608695, "precision": 0.9130434782608695, "recall": 0.9130434782608695, "f_score": 0.9130434782608695}, "linking": {"acc": 0.03184713375796178, "precision": 0.034482758620689655, "recall": 0.29411764705882354, "f_score": 0.06172839506172839}}