{"label": {"acc": 0.75, "precision": 0.7580891330891332, "recall": 0.75, "f_score": 0.7501084441873915}, "linking": {"acc": 0.005154639175257732, "precision": 0.005780346820809248, "recall": 0.045454545454545456, "f_score": 0.010256410256410256}}