{"faster_rcnn_scores": [-1.0, 0.6059800982475281, 0.8958783745765686, 0.5173972845077515, 0.5173972845077515, 0.5173972845077515, 0.5173972845077515, 0.9533734321594238, 0.9787326455116272, 0.9667373299598694, 0.9570485353469849, 0.9483602643013, 0.9817604422569275, 0.9685927629470825, 0.9816400408744812, 0.943890392780304, 0.7763181924819946, 0.9544080495834351, 0.8139837384223938, 0.8636152148246765, 0.8335403203964233, 0.9032449126243591, 0.7324454188346863, 0.584937334060669, 0.584937334060669, 0.584937334060669, -1.0, -1.0, -1.0, 0.9890604019165039, -1.0, 0.7796492576599121], "siamese_scores": {"0": [0.9337756633758545, 0.8919931650161743, 0.8538804054260254, 0.8207724690437317], "1": [0.9392338991165161, 0.5176821351051331], "2": [0.9392338991165161, 0.6787876486778259, 0.7786033153533936, 0.543213427066803], "3": [0.9337756633758545], "4": [0.8919931650161743], "5": [0.8538804054260254], "6": [0.8207724690437317], "7": [0.6787876486778259, 0.9665960669517517, 0.5077928900718689, 0.5059769153594971], "8": [0.9665960669517517, 0.6032050848007202], "9": [0.7786033153533936, 0.5077928900718689, 0.6032050848007202, 0.8488682508468628, 0.5706927180290222, 0.6370319724082947], "10": [0.5176821351051331, 0.543213427066803, 0.5059769153594971, 0.8488682508468628], "11": [0.5706927180290222, 0.5430660843849182, 0.5498337149620056], "12": [0.6370319724082947, 0.786904513835907, 0.500980019569397], "13": [0.5430660843849182, 0.786904513835907, 0.9414466619491577, 0.8712243437767029], "14": [0.9414466619491577, 0.5173945426940918], "15": [0.992988646030426, 0.6492202281951904], "16": [0.8712243437767029, 0.5173945426940918, 0.992988646030426, 0.8950976133346558, 0.6185122132301331, 0.6254820227622986, 0.5098210573196411], "17": [0.8950976133346558, 0.9698922634124756, 0.7633832693099976], "18": [0.6492202281951904, 0.6185122132301331, 0.9698922634124756, 0.7614305019378662, 0.6558615565299988], "19": [0.7633832693099976, 0.7614305019378662, 0.9797332286834717, 0.6904222369194031], "20": [0.9797332286834717], "21": [0.5498337149620056, 0.500980019569397, 0.6254820227622986, 0.6904222369194031], "22": [], "23": [0.5078392028808594], "24": [0.5078392028808594, 0.5259715914726257], "25": [0.5098210573196411, 0.6558615565299988, 0.5259715914726257, 0.5666782259941101], "26": [0.5666782259941101, 0.569950520992279, 0.5445736646652222], "27": [0.569950520992279, 0.7507408261299133], "28": [0.5445736646652222, 0.7507408261299133, 0.5966308116912842], "29": [], "30": [0.5966308116912842], "31": []}}