{"faster_rcnn_scores": [-1.0, 0.5609880089759827, 0.8809464573860168, 0.5075978636741638, 0.8466112613677979, 0.8911759257316589, 0.5837594866752625, 0.5538350939750671, 0.5538350939750671, 0.6421809196472168, 0.8189530372619629, 0.7523053884506226, -1.0, 0.7224675416946411, 0.5011237263679504, 0.7543002963066101, -1.0, 0.7176570296287537, 0.8164565563201904, 0.7575536370277405, 0.8283068537712097, 0.8086844086647034, 0.6462329626083374, 0.8585450649261475, 0.8231772184371948, 0.7803800106048584, 0.7144083976745605, 0.6555721163749695, 0.876552939414978, 0.8178415298461914, 0.7733458876609802, 0.5145877003669739, 0.6278572678565979, 0.5451864004135132, 0.681160569190979, 0.8595309853553772, 0.7910626530647278, 0.6436832547187805, -1.0, 0.8009024858474731, -1.0, 0.7180473208427429, 0.8009024858474731, 0.904762327671051, 0.7015669345855713, 0.8418393135070801, 0.5792612433433533, 0.9230624437332153, 0.7271813750267029, 0.9337460994720459, 0.793748676776886, 0.8285468816757202, -1.0, 0.5280542373657227, 0.9855726361274719, 0.7936079502105713, 0.7936079502105713, 0.7936079502105713, 0.7936079502105713], "siamese_scores": {"0": [0.872936487197876, 0.9003429412841797], "1": [0.872936487197876, 0.877275824546814], "2": [0.5144935250282288], "3": [0.9003429412841797, 0.877275824546814, 0.5144935250282288, 0.9281967878341675, 0.6281360387802124, 0.8897886276245117, 0.7337818741798401, 0.965772807598114, 0.8239067196846008, 0.7174298763275146, 0.7307394742965698, 0.6299440264701843, 0.5133075714111328], "4": [0.9281967878341675, 0.5247595310211182, 0.5772513747215271], "5": [0.6281360387802124], "6": [0.8897886276245117, 0.5247595310211182, 0.5145726203918457, 0.832180380821228], "7": [], "8": [], "9": [0.8132106065750122], "10": [0.7337818741798401, 0.5145726203918457, 0.8278889656066895], "11": [0.50923752784729], "12": [0.965772807598114, 0.5772513747215271, 0.832180380821228, 0.8278889656066895, 0.50923752784729, 0.9901849031448364, 0.8395834565162659, 0.7311563491821289, 0.7319062352180481, 0.6640878915786743], "13": [0.8132106065750122, 0.9901849031448364, 0.9168391823768616, 0.917267918586731, 0.6051664352416992, 0.5576794147491455], "14": [0.9168391823768616, 0.8748350739479065], "15": [0.8239067196846008, 0.8395834565162659], "16": [0.917267918586731, 0.8748350739479065, 0.5168039202690125, 0.7553149461746216, 0.72920823097229, 0.5345509648323059], "17": [0.7174298763275146, 0.7311563491821289, 0.5168039202690125], "18": [0.7307394742965698, 0.7319062352180481, 0.5027465224266052], "19": [0.6051664352416992, 0.7553149461746216], "20": [0.5576794147491455, 0.72920823097229], "21": [0.6299440264701843, 0.6640878915786743, 0.5027465224266052], "22": [0.5345509648323059, 0.5008770823478699, 0.5285265445709229], "23": [0.5008770823478699, 0.6098673343658447], "24": [0.5041943788528442], "25": [0.6810584664344788], "26": [0.6098673343658447, 0.5928311944007874, 0.552640438079834], "27": [0.5928311944007874, 0.6828398108482361, 0.5707600116729736], "28": [0.6810584664344788, 0.6828398108482361], "29": [0.552640438079834], "30": [0.58612459897995], "31": [0.6767428517341614], "32": [], "33": [0.6783897280693054], "34": [0.6303851008415222, 0.5722250938415527], "35": [0.7436361908912659, 0.5343068838119507], "36": [0.58612459897995, 0.6303851008415222, 0.7436361908912659, 0.6592251658439636], "37": [0.8504332304000854, 0.8373363614082336, 0.5171050429344177], "38": [0.5285265445709229, 0.6767428517341614, 0.8504332304000854, 0.7424883246421814, 0.8896512389183044], "39": [0.9571154713630676, 0.5622068047523499], "40": [0.5133075714111328, 0.5041943788528442, 0.5707600116729736, 0.6783897280693054, 0.8373363614082336, 0.9571154713630676, 0.7438966035842896, 0.8927165269851685], "41": [0.5276589393615723], "42": [0.5622068047523499], "43": [0.5067920684814453], "44": [0.7438966035842896, 0.5067920684814453, 0.7419763207435608], "45": [0.6906740665435791], "46": [0.7424883246421814, 0.7436070442199707], "47": [0.7871973514556885], "48": [0.8896512389183044, 0.7436070442199707, 0.852095365524292, 0.8992208242416382], "49": [0.9153911471366882], "50": [0.8927165269851685, 0.7419763207435608, 0.9153911471366882, 0.8491335511207581, 0.7850012183189392], "51": [0.852095365524292, 0.8491335511207581, 0.8575509786605835], "52": [0.5722250938415527, 0.5343068838119507, 0.6592251658439636, 0.5171050429344177, 0.5276589393615723, 0.6906740665435791, 0.7871973514556885, 0.8992208242416382, 0.7850012183189392, 0.8575509786605835], "53": [], "54": [], "55": [0.5088797211647034, 0.5569769740104675], "56": [0.5088797211647034, 0.6066861152648926], "57": [0.7730942964553833], "58": [0.5569769740104675, 0.6066861152648926, 0.7730942964553833]}}