{"label": {"acc": 0.40816326530612246, "precision": 0.7569573283858999, "recall": 0.40816326530612246, "f_score": 0.3153988868274582}, "linking": {"acc": 0.03115264797507788, "precision": 0.03676470588235294, "recall": 0.1694915254237288, "f_score": 0.060422960725075525}}