{"faster_rcnn_scores": [0.7654407024383545, 0.6216873526573181, 0.6163405179977417, 0.7080485224723816, 0.705926775932312, 0.705926775932312, -1.0, -1.0, -1.0, 0.9285822510719299, 0.6210104823112488, 0.9569248557090759, 0.9833027720451355, 0.9474738240242004, 0.6904955506324768, 0.6602911353111267, 0.942896842956543, 0.8868653774261475, 0.7576717734336853, 0.6560612320899963, 0.8084725141525269, 0.8956776857376099, 0.8435149788856506, 0.6979330778121948, 0.515839695930481, 0.7001139521598816, 0.7291455864906311, 0.790917158126831, 0.6456046104431152, 0.6141298413276672, 0.6887253522872925, 0.900846004486084, 0.7553021907806396, 0.701335608959198, 0.7930178642272949, 0.6023793816566467, 0.7159161567687988, 0.6729006171226501, 0.7774313688278198, 0.8972390294075012, 0.8121773600578308, 0.5010301470756531, -1.0, 0.5825964212417603, 0.8009073734283447, 0.5911423563957214, 0.7877956628799438, -1.0, -1.0, -1.0, 0.5197685360908508, 0.9577575922012329, -1.0, 0.9800457954406738, -1.0, -1.0, -1.0, -1.0, -1.0, 0.8357045650482178], "siamese_scores": {"0": [0.6266237497329712, 0.8624637722969055], "1": [0.88603675365448, 0.5748564600944519], "2": [0.6266237497329712, 0.88603675365448, 0.9052926898002625, 0.8763880729675293], "3": [0.8624637722969055], "4": [0.5748564600944519, 0.9052926898002625, 0.9891400337219238, 0.9946481585502625, 0.9780074954032898], "5": [0.8763880729675293, 0.9977929592132568, 0.9962791800498962, 0.9711931347846985], "6": [0.9891400337219238, 0.9977929592132568, 0.8067446947097778, 0.5937672853469849, 0.6083112359046936, 0.5679075121879578, 0.5275604724884033], "7": [0.9946481585502625, 0.9962791800498962, 0.8067446947097778, 0.6230997443199158, 0.7758551836013794, 0.7403002977371216, 0.5318789482116699, 0.7555020451545715, 0.5705199241638184], "8": [0.9780074954032898, 0.9711931347846985, 0.79898601770401, 0.8350361585617065, 0.5945779085159302, 0.7474853992462158, 0.5023545026779175, 0.6898871660232544], "9": [0.5937672853469849, 0.6230997443199158, 0.79898601770401, 0.8186129927635193], "10": [0.8186129927635193, 0.975716233253479, 0.7879245281219482, 0.8923017978668213, 0.6366280317306519, 0.8150286078453064], "11": [0.6083112359046936, 0.7758551836013794, 0.8350361585617065, 0.975716233253479], "12": [], "13": [0.5679075121879578, 0.7403002977371216, 0.5945779085159302, 0.7879245281219482, 0.6284415125846863, 0.514945924282074], "14": [0.5318789482116699, 0.7474853992462158], "15": [0.8923017978668213, 0.6284415125846863, 0.540605902671814, 0.6278995275497437, 0.5418006777763367], "16": [0.5275604724884033, 0.7555020451545715, 0.5023545026779175, 0.6366280317306519, 0.514945924282074, 0.540605902671814, 0.898941159248352, 0.8146052956581116], "17": [0.8150286078453064, 0.898941159248352, 0.6621001958847046, 0.5407984256744385], "18": [0.6278995275497437, 0.8146052956581116, 0.6621001958847046], "19": [0.5418006777763367, 0.5407984256744385], "20": [0.7491817474365234], "21": [0.5229900479316711], "22": [0.5229900479316711, 0.6362744569778442], "23": [0.6442369222640991, 0.7286184430122375, 0.6540032625198364, 0.5062956809997559, 0.6017528176307678], "24": [0.6442369222640991, 0.6968917846679688], "25": [0.7286184430122375, 0.5175119638442993], "26": [0.6540032625198364, 0.7783656120300293], "27": [0.5175119638442993, 0.59226393699646], "28": [0.5062956809997559, 0.59226393699646, 0.6088587641716003, 0.5822746753692627], "29": [0.6088587641716003, 0.7847220301628113, 0.5803591012954712], "30": [0.6362744569778442, 0.6968917846679688, 0.7847220301628113, 0.7207545638084412, 0.7883590459823608, 0.6957755088806152, 0.8870649933815002, 0.8318753838539124], "31": [0.5675530433654785], "32": [0.7207545638084412, 0.9100043177604675], "33": [0.7883590459823608, 0.6874988675117493, 0.6058405637741089], "34": [0.5675530433654785, 0.5364372730255127], "35": [0.9136853218078613], "36": [0.6464863419532776, 0.9406293630599976], "37": [0.6167048215866089, 0.9512583613395691], "38": [0.6957755088806152, 0.782131552696228, 0.6944671273231506], "39": [0.7641788125038147], "40": [0.7024931311607361, 0.8174495100975037], "41": [0.7933724522590637, 0.8729373812675476, 0.9586310982704163, 0.5393479466438293], "42": [0.5803591012954712, 0.8870649933815002, 0.6874988675117493, 0.782131552696228, 0.7933724522590637, 0.7159227132797241, 0.835112988948822], "43": [0.6464863419532776, 0.6167048215866089, 0.7024931311607361, 0.8729373812675476, 0.7159227132797241, 0.501095712184906, 0.8088502883911133, 0.7430011630058289], "44": [0.501095712184906, 0.9985129237174988], "45": [0.5705199241638184, 0.6898871660232544, 0.7491817474365234, 0.6017528176307678, 0.7783656120300293, 0.5822746753692627, 0.9100043177604675, 0.5364372730255127, 0.9136853218078613, 0.9406293630599976, 0.9512583613395691, 0.7641788125038147, 0.8174495100975037, 0.9586310982704163, 0.835112988948822, 0.8088502883911133, 0.9985129237174988, 0.996366024017334, 0.9991666078567505, 0.9855967164039612, 0.8767615556716919, 0.8340768814086914, 0.8718715310096741, 0.5624280571937561, 0.7016286849975586, 0.5061325430870056, 0.8515735268592834], "46": [0.996366024017334, 0.862956702709198], "47": [0.8318753838539124, 0.6058405637741089, 0.6944671273231506, 0.9991666078567505, 0.862956702709198], "48": [0.5393479466438293, 0.7430011630058289, 0.9855967164039612], "49": [0.8767615556716919, 0.9078055620193481, 0.9674293398857117], "50": [0.9078055620193481, 0.7488409876823425], "51": [0.9674293398857117, 0.8110219836235046], "52": [0.8340768814086914, 0.8110219836235046, 0.6274358630180359], "53": [0.7488409876823425], "54": [0.8718715310096741, 0.6274358630180359, 0.7598758339881897, 0.7228730916976929, 0.5006178617477417, 0.5225883722305298], "55": [0.5624280571937561, 0.7598758339881897, 0.5144132971763611, 0.5474919080734253], "56": [0.7228730916976929, 0.5144132971763611, 0.6724527478218079, 0.6693865656852722], "57": [0.7016286849975586, 0.5006178617477417, 0.5474919080734253, 0.6724527478218079, 0.7609745264053345], "58": [0.5061325430870056, 0.5225883722305298, 0.6693865656852722, 0.7609745264053345], "59": [0.8515735268592834]}}