{"label": {"acc": 0.55, "precision": 0.41875, "recall": 0.55, "f_score": 0.4733333333333333}, "linking": {"acc": 0.023255813953488372, "precision": 0.024793388429752067, "recall": 0.2727272727272727, "f_score": 0.04545454545454545}}