{"faster_rcnn_scores": [0.9102073311805725, -1.0, 0.6816008687019348, -1.0, 0.5096369385719299, 0.8330239653587341, 0.5203085541725159, 0.7763703465461731, 0.5591979026794434, 0.7482389211654663, 0.860197901725769, 0.903979480266571, 0.5409872531890869, 0.9261825084686279, 0.7600334882736206, 0.831121563911438, -1.0, -1.0, 0.9882872700691223, -1.0, -1.0, -1.0, 0.5972587466239929, -1.0, -1.0, 0.5972587466239929, 0.7089614868164062, -1.0], "siamese_scores": {"0": [], "1": [0.7919828295707703], "2": [0.6542680859565735, 0.8398773074150085], "3": [0.9381638765335083, 0.849570631980896], "4": [0.9728363156318665, 0.9316993355751038], "5": [0.7919828295707703, 0.6542680859565735, 0.9381638765335083, 0.9728363156318665, 0.7728708982467651, 0.6626600623130798, 0.5238015651702881, 0.73893803358078], "6": [0.8398773074150085, 0.849570631980896, 0.9316993355751038, 0.9872307181358337, 0.972219705581665, 0.9703655242919922, 0.782122015953064, 0.8384831547737122, 0.668372392654419, 0.8686022758483887], "7": [0.7728708982467651, 0.9872307181358337, 0.7141371965408325, 0.5161247849464417], "8": [0.6626600623130798, 0.972219705581665, 0.7141371965408325, 0.6574736833572388], "9": [0.9703655242919922, 0.5161247849464417, 0.6408432126045227], "10": [0.5238015651702881, 0.782122015953064, 0.6408432126045227, 0.522932767868042, 0.7776274681091309], "11": [0.522932767868042, 0.7050511837005615, 0.5572201013565063], "12": [0.7050511837005615], "13": [0.8384831547737122], "14": [0.668372392654419, 0.7314992547035217, 0.5097149610519409], "15": [0.9377438426017761, 0.6299216747283936], "16": [0.73893803358078, 0.8686022758483887, 0.6574736833572388, 0.7776274681091309, 0.7314992547035217, 0.9377438426017761, 0.6039867401123047], "17": [0.5572201013565063, 0.5097149610519409, 0.6299216747283936, 0.6039867401123047], "18": [], "19": [0.8408564329147339, 0.7606123089790344, 0.7270008325576782], "20": [0.9136212468147278, 0.862165629863739, 0.825729250907898], "21": [0.596571683883667], "22": [0.8408564329147339, 0.9136212468147278], "23": [0.596571683883667, 0.5754739046096802], "24": [0.5754739046096802], "25": [0.7606123089790344, 0.862165629863739], "26": [0.7270008325576782, 0.825729250907898], "27": []}}