{"label": {"acc": 0.8, "precision": 0.8347811447811448, "recall": 0.8, "f_score": 0.8013136706500551}, "linking": {"acc": 0.004975124378109453, "precision": 0.0055248618784530384, "recall": 0.047619047619047616, "f_score": 0.0099009900990099}}