{"faster_rcnn_scores": [-1.0, 0.5958889722824097, 0.5958889722824097, 0.8791415095329285, -1.0, -1.0, -1.0, -1.0, 0.8574342727661133, 0.9390926957130432, 0.9332466721534729, 0.9559899568557739, 0.8518563508987427, 0.9773602485656738, 0.9767388105392456, 0.9611843824386597, 0.9638732075691223, 0.9315463304519653, 0.9675447344779968, 0.9080484509468079, 0.8729925155639648, 0.7661129832267761, 0.7655073404312134, 0.8963977098464966, -1.0, 0.6032186150550842, 0.6032186150550842, 0.6032186150550842, 0.5070599317550659, 0.5070599317550659, 0.5070599317550659, 0.5070599317550659, 0.9746878147125244, 0.6618232131004333], "siamese_scores": {"0": [0.9930673837661743, 0.557122528553009, 0.8276941180229187, 0.7885819673538208, 0.5788837671279907, 0.7044350504875183], "1": [0.7227138876914978, 0.6113070249557495], "2": [0.7227138876914978, 0.503990888595581], "3": [0.9930673837661743, 0.6113070249557495, 0.9840407371520996, 0.6788462400436401, 0.5718649625778198, 0.5594497919082642], "4": [0.503990888595581, 0.9840407371520996, 0.6588775515556335, 0.5944022536277771, 0.5466116666793823], "5": [0.6588775515556335], "6": [0.5944022536277771], "7": [0.5466116666793823], "8": [0.557122528553009, 0.9820358157157898, 0.7296545505523682], "9": [0.6788462400436401, 0.9820358157157898, 0.8687154054641724], "10": [0.8276941180229187, 0.8687154054641724], "11": [0.7885819673538208, 0.5718649625778198, 0.5174617767333984], "12": [0.5788837671279907, 0.508786678314209, 0.5538206696510315], "13": [0.7044350504875183, 0.7781025171279907, 0.676525354385376], "14": [0.9296297430992126, 0.5021822452545166, 0.8858685493469238], "15": [0.508786678314209, 0.7781025171279907, 0.9296297430992126, 0.6049602031707764], "16": [0.5021822452545166, 0.6049602031707764, 0.9706217050552368, 0.5282818675041199, 0.6966421604156494, 0.9354099035263062], "17": [0.9706217050552368], "18": [0.5282818675041199, 0.9341750741004944, 0.6339236497879028, 0.6853180527687073, 0.9448338150978088], "19": [0.6966421604156494, 0.9341750741004944, 0.6067343354225159, 0.6296338438987732], "20": [0.6339236497879028, 0.6067343354225159, 0.7354937791824341, 0.6427392363548279, 0.6051740646362305, 0.6398014426231384], "21": [0.7354937791824341], "22": [0.6427392363548279], "23": [0.6853180527687073, 0.6296338438987732, 0.6051740646362305, 0.9121652245521545], "24": [0.5594497919082642, 0.7296545505523682, 0.5174617767333984, 0.5538206696510315, 0.676525354385376, 0.8858685493469238, 0.9354099035263062, 0.9448338150978088, 0.6398014426231384, 0.9121652245521545], "25": [0.5115249156951904, 0.5014947652816772], "26": [0.5115249156951904, 0.5740284323692322, 0.5044698715209961], "27": [0.5014947652816772, 0.5740284323692322, 0.6949813365936279], "28": [0.5044698715209961, 0.6949813365936279, 0.7325022220611572, 0.5127520561218262], "29": [0.7325022220611572, 0.6510383486747742], "30": [0.5127520561218262, 0.6510383486747742, 0.5613864660263062], "31": [0.5613864660263062], "32": [], "33": []}}