{"label": {"acc": 0.6875, "precision": 0.7299107142857143, "recall": 0.6875, "f_score": 0.6745192307692307}, "linking": {"acc": 0.022988505747126436, "precision": 0.024390243902439025, "recall": 0.2857142857142857, "f_score": 0.0449438202247191}}