{"faster_rcnn_scores": [0.6253151893615723, -1.0, -1.0, 0.6189119815826416, -1.0, -1.0, 0.6189119815826416, -1.0, -1.0, -1.0, -1.0, 0.651309072971344, 0.7614616751670837, 0.5584428310394287, 0.8614628911018372, 0.5879068970680237, 0.7627688646316528, 0.7257148027420044, 0.8680534362792969, 0.8426966071128845, 0.5021044015884399, 0.8122541308403015, -1.0, 0.8630900979042053, 0.8042857646942139, 0.8046948313713074, 0.805648684501648, 0.9429642558097839, 0.5142028331756592, 0.5142028331756592, 0.6039170026779175, 0.6039170026779175, 0.6568024158477783, 0.8945125341415405, 0.8639587163925171, 0.9830647110939026, 0.5106152296066284, 0.5106152296066284, 0.5106152296066284, 0.5106152296066284], "siamese_scores": {"0": [], "1": [0.9792219996452332, 0.6679195165634155, 0.6601518988609314], "2": [0.9959008097648621, 0.9918334484100342], "3": [0.9792219996452332, 0.9959008097648621, 0.999413251876831, 0.9980487823486328, 0.9881579279899597, 0.8717110753059387, 0.984567403793335, 0.9906071424484253, 0.9382714033126831, 0.525580644607544], "4": [0.999413251876831, 0.996033251285553, 0.823354959487915, 0.5315629243850708], "5": [0.9980487823486328, 0.9916446805000305], "6": [0.6679195165634155, 0.9918334484100342, 0.996033251285553, 0.9916446805000305, 0.996442973613739, 0.994327962398529, 0.9964693784713745, 0.9980104565620422, 0.8723883628845215, 0.8096045851707458], "7": [0.9881579279899597, 0.996442973613739, 0.7682461738586426, 0.8647741079330444, 0.5889983773231506], "8": [0.8717110753059387, 0.994327962398529], "9": [0.984567403793335, 0.9964693784713745, 0.7058761715888977, 0.5918435454368591, 0.5269268751144409], "10": [0.9906071424484253, 0.9980104565620422, 0.7058761715888977, 0.9866920113563538, 0.5025894045829773, 0.7550280094146729], "11": [0.9382714033126831, 0.8723883628845215, 0.7682461738586426, 0.5918435454368591, 0.9866920113563538], "12": [0.5615526437759399, 0.8275395631790161], "13": [0.525580644607544, 0.5615526437759399, 0.8628484010696411], "14": [0.8096045851707458, 0.5269268751144409, 0.5025894045829773], "15": [0.6601518988609314, 0.823354959487915, 0.8647741079330444, 0.7550280094146729, 0.8275395631790161, 0.8628484010696411, 0.8883193135261536, 0.8336208462715149, 0.9721062183380127, 0.5874040722846985], "16": [0.8883193135261536], "17": [0.8336208462715149, 0.7634589672088623], "18": [], "19": [0.5315629243850708, 0.5889983773231506, 0.9721062183380127, 0.7634589672088623, 0.789049506187439, 0.9114801287651062, 0.7090192437171936], "20": [], "21": [0.789049506187439, 0.8450670838356018], "22": [0.9114801287651062, 0.8450670838356018, 0.921042263507843, 0.553833544254303, 0.6712146401405334, 0.7345008850097656, 0.5859865546226501], "23": [0.5874040722846985, 0.7090192437171936, 0.921042263507843, 0.5747721791267395], "24": [0.553833544254303, 0.5747721791267395, 0.6627935171127319], "25": [], "26": [0.5962051749229431, 0.7306798696517944], "27": [0.9425159692764282, 0.9740318655967712], "28": [0.6712146401405334, 0.5962051749229431, 0.9425159692764282, 0.8003159165382385], "29": [0.7345008850097656, 0.6627935171127319, 0.7306798696517944, 0.9740318655967712, 0.8003159165382385, 0.6267138719558716, 0.8497611880302429, 0.6410816311836243, 0.9189658761024475, 0.9020722508430481, 0.869917631149292, 0.9140332937240601], "30": [0.5859865546226501, 0.814956545829773, 0.6902602910995483, 0.5237436890602112], "31": [0.6267138719558716, 0.9600356221199036, 0.886907696723938, 0.6955410838127136, 0.8406475186347961, 0.8076589703559875, 0.8146701455116272, 0.8012738227844238], "32": [0.8497611880302429, 0.814956545829773, 0.9600356221199036], "33": [0.6410816311836243, 0.6902602910995483, 0.886907696723938, 0.5179283618927002], "34": [0.6955410838127136, 0.5179283618927002, 0.572602391242981], "35": [], "36": [0.9189658761024475, 0.5237436890602112, 0.8406475186347961, 0.572602391242981, 0.5119403004646301, 0.5255050659179688], "37": [0.9020722508430481, 0.8076589703559875, 0.5119403004646301, 0.5777787566184998], "38": [0.869917631149292, 0.8146701455116272, 0.5255050659179688, 0.5777787566184998, 0.5910810232162476], "39": [0.9140332937240601, 0.8012738227844238, 0.5910810232162476]}}