{"label": {"acc": 0.696969696969697, "precision": 0.7029680559092325, "recall": 0.696969696969697, "f_score": 0.6974016480595427}, "linking": {"acc": 0.02666666666666667, "precision": 0.027777777777777776, "recall": 0.4, "f_score": 0.051948051948051945}}