{"label": {"acc": 0.8837209302325582, "precision": 0.9085271317829456, "recall": 0.8837209302325582, "f_score": 0.8924418604651163}, "linking": {"acc": 0.0196078431372549, "precision": 0.02158273381294964, "recall": 0.17647058823529413, "f_score": 0.038461538461538464}}