{"faster_rcnn_scores": [0.5647455453872681, 0.5737234354019165, 0.5628634691238403, 0.5055215358734131, -1.0, -1.0, 0.903003990650177, 0.863382875919342, 0.8749697804450989, 0.9618487358093262, 0.747595489025116, 0.9076709747314453, 0.9327475428581238, 0.8516648411750793, 0.8795022368431091, 0.7999688982963562, 0.5979241728782654, -1.0, -1.0, -1.0, -1.0, 0.7984611392021179, 0.809965193271637, 0.850845456123352, 0.9853106737136841, 0.7857110500335693, 0.8682652115821838, 0.8465428948402405, 0.8133023381233215, 0.5166736841201782, 0.5166736841201782], "siamese_scores": {"0": [0.5961625576019287], "1": [0.5961625576019287, 0.6658216118812561, 0.6161041259765625], "2": [], "3": [0.7445325255393982, 0.6890457272529602], "4": [0.6658216118812561, 0.7445325255393982, 0.788712203502655, 0.8266282081604004], "5": [0.6161041259765625, 0.6890457272529602, 0.788712203502655, 0.5785096287727356, 0.6364965438842773, 0.540132462978363, 0.5508295297622681], "6": [0.8266282081604004, 0.5785096287727356], "7": [0.6364965438842773], "8": [], "9": [], "10": [], "11": [0.540132462978363], "12": [0.5508295297622681], "13": [], "14": [], "15": [0.6180636882781982], "16": [0.8081108331680298, 0.5444364547729492], "17": [0.6180636882781982, 0.8081108331680298, 0.5228866934776306], "18": [0.5444364547729492, 0.5228866934776306], "19": [0.5753157138824463, 0.5427447557449341], "20": [0.6543550491333008, 0.6190924048423767, 0.5787757039070129, 0.5042169690132141], "21": [0.5753157138824463, 0.6543550491333008], "22": [0.5427447557449341, 0.6190924048423767], "23": [0.5787757039070129], "24": [0.6961817145347595], "25": [0.5042169690132141], "26": [], "27": [0.6961817145347595], "28": [], "29": [0.6813011169433594], "30": [0.6813011169433594]}}