{"label": {"acc": 0.5217391304347826, "precision": 0.5531400966183575, "recall": 0.5217391304347826, "f_score": 0.5148534330120008}, "linking": {"acc": 0.01282051282051282, "precision": 0.01639344262295082, "recall": 0.05555555555555555, "f_score": 0.02531645569620253}}