{"faster_rcnn_scores": [0.580619752407074, 0.6036693453788757, -1.0, -1.0, 0.8959046602249146, 0.8959046602249146, -1.0, 0.7763832211494446, 0.9743826985359192, 0.9654409289360046, 0.9552059173583984, 0.7101110219955444, 0.7101110219955444, 0.7861698865890503, 0.9043402671813965, -1.0, 0.9080853462219238, -1.0, 0.7205908298492432, 0.8204058408737183, -1.0, -1.0, -1.0, -1.0, -1.0, -1.0, -1.0, -1.0, -1.0], "siamese_scores": {"0": [0.8793153762817383, 0.9924627542495728, 0.8251465559005737, 0.8677078485488892, 0.9796509146690369, 0.8594074249267578, 0.531160295009613], "1": [0.8793153762817383, 0.5961094498634338], "2": [0.9924627542495728, 0.7856127023696899, 0.7397840619087219], "3": [0.8251465559005737, 0.5777105093002319], "4": [0.8677078485488892, 0.7856127023696899, 0.5777105093002319, 0.8321896195411682], "5": [0.9410614967346191, 0.5515388250350952, 0.6378858089447021, 0.5168450474739075], "6": [0.9796509146690369, 0.8321896195411682, 0.9410614967346191, 0.7356378436088562], "7": [0.8594074249267578, 0.7397840619087219, 0.7356378436088562], "8": [0.5515388250350952], "9": [0.5961094498634338, 0.6378858089447021], "10": [0.5168450474739075, 0.510357141494751], "11": [], "12": [], "13": [0.5585489273071289, 0.7121109366416931], "14": [0.510357141494751, 0.5585489273071289, 0.9904382824897766, 0.5638893246650696, 0.7734145522117615], "15": [0.531160295009613, 0.7121109366416931, 0.9904382824897766, 0.997944176197052, 0.70155930519104], "16": [0.5638893246650696, 0.997944176197052, 0.9997501969337463], "17": [0.7734145522117615, 0.70155930519104, 0.9997501969337463], "18": [], "19": [], "20": [], "21": [0.5440555810928345], "22": [0.5440555810928345], "23": [], "24": [], "25": [], "26": [], "27": [], "28": []}}