{"label": {"acc": 0.8205128205128205, "precision": 0.8376068376068377, "recall": 0.8205128205128205, "f_score": 0.8231426692965155}, "linking": {"acc": 0.0035087719298245615, "precision": 0.00398406374501992, "recall": 0.02857142857142857, "f_score": 0.006993006993006993}}