{"faster_rcnn_scores": [0.9339351058006287, 0.5735841393470764, 0.6767650842666626, 0.8558235764503479, 0.6374334692955017, 0.9344770312309265, 0.9344770312309265, -1.0, 0.8535046577453613, 0.8679834604263306, 0.8057994842529297, 0.6709685921669006, 0.8623889088630676, 0.8518751263618469, 0.6871069073677063, 0.7086718678474426, 0.8881393074989319, 0.5153836011886597, 0.8044400215148926, 0.9038545489311218, 0.7679923176765442, 0.7411731481552124, 0.7541400790214539, 0.8864084482192993, 0.9219374060630798, 0.8997429609298706, 0.9154329895973206, 0.9230116605758667, 0.6145718693733215, 0.719488799571991, 0.6058242321014404, -1.0, 0.5904385447502136, 0.6058242321014404, 0.7020182013511658, 0.6561995148658752, 0.9700282216072083, 0.8152199983596802, 0.5748103260993958, 0.7559235095977783, 0.9685449004173279, 0.9855696558952332, 0.7814366817474365], "siamese_scores": {"0": [0.7008629441261292, 0.7150223851203918], "1": [0.7008629441261292, 0.8492912650108337, 0.7680319547653198], "2": [0.7150223851203918, 0.8492912650108337, 0.9372001886367798, 0.8417842984199524, 0.9444085359573364, 0.6409527063369751], "3": [0.9372001886367798, 0.5289655923843384], "4": [0.8417842984199524, 0.9408636689186096, 0.9328777194023132, 0.9123390316963196], "5": [0.9408636689186096, 0.6102510690689087, 0.9004178643226624, 0.649323582649231], "6": [0.9328777194023132, 0.6102510690689087, 0.9957327246665955, 0.8659716248512268, 0.5717802047729492, 0.5499416589736938], "7": [0.7680319547653198, 0.9444085359573364, 0.5289655923843384, 0.9123390316963196, 0.9004178643226624, 0.9957327246665955, 0.8520519137382507, 0.7717954516410828, 0.6233460903167725, 0.7148537635803223, 0.5854869484901428, 0.5005736351013184], "8": [0.6409527063369751, 0.649323582649231, 0.8659716248512268, 0.8520519137382507, 0.7828215956687927], "9": [0.7717954516410828, 0.7828215956687927, 0.5368000864982605], "10": [0.6233460903167725, 0.9839580059051514], "11": [0.5717802047729492, 0.7148537635803223, 0.5368000864982605, 0.9839580059051514, 0.5477184057235718, 0.6354476809501648, 0.7160313725471497], "12": [0.5854869484901428, 0.5477184057235718, 0.829531729221344], "13": [0.6354476809501648, 0.829531729221344, 0.5626543164253235], "14": [0.5499416589736938, 0.5005736351013184], "15": [0.5032860636711121], "16": [0.5032860636711121, 0.5934186577796936, 0.5622886419296265], "17": [0.7829998135566711, 0.5843663215637207, 0.5328773260116577], "18": [0.8560633063316345, 0.688458263874054, 0.5975145697593689], "19": [0.7829998135566711, 0.8560633063316345], "20": [0.5877460837364197, 0.5087909698486328, 0.5911955833435059, 0.5743395090103149], "21": [0.7160313725471497, 0.5626543164253235, 0.6122391223907471], "22": [0.6122391223907471, 0.5073010921478271, 0.5297691822052002], "23": [0.5934186577796936, 0.688458263874054, 0.5877460837364197, 0.5073010921478271, 0.91173255443573, 0.6438400745391846, 0.704230785369873, 0.8020893335342407, 0.7239482998847961], "24": [0.91173255443573], "25": [0.5087909698486328, 0.6438400745391846, 0.721342921257019, 0.6981731653213501, 0.7019168734550476], "26": [0.5843663215637207, 0.721342921257019], "27": [0.704230785369873, 0.7936407923698425, 0.782107412815094, 0.6679818034172058], "28": [0.5328773260116577, 0.7936407923698425], "29": [0.5402568578720093, 0.7613539099693298, 0.6541521549224854], "30": [0.5297691822052002, 0.5402568578720093, 0.987044632434845], "31": [0.5622886419296265, 0.5975145697593689, 0.5911955833435059, 0.8020893335342407, 0.6981731653213501, 0.782107412815094, 0.7613539099693298, 0.987044632434845, 0.9740242958068848], "32": [0.5743395090103149, 0.7239482998847961, 0.7019168734550476, 0.6679818034172058, 0.6541521549224854, 0.9740242958068848, 0.661582350730896], "33": [], "34": [0.661582350730896], "35": [0.7989545464515686], "36": [0.7989545464515686, 0.9105471968650818], "37": [0.9105471968650818], "38": [], "39": [0.8193382620811462], "40": [0.8193382620811462], "41": [], "42": []}}