{"faster_rcnn_scores": [0.9398233890533447, 0.5432537794113159, 0.7453041672706604, 0.6548349261283875, 0.9220709800720215, 0.9302833676338196, 0.9503291845321655, 0.7963460087776184, 0.890325129032135, 0.6949940919876099, 0.8278360962867737, 0.9776579141616821, 0.9692521691322327, 0.9636773467063904, 0.9067143201828003, 0.9163909554481506, 0.91883784532547, 0.8001952171325684, 0.9241310358047485, 0.7546827793121338, -1.0, -1.0, 0.9911572933197021, 0.8446213603019714, 0.8400854468345642, -1.0], "siamese_scores": {"0": [0.9853780269622803, 0.6791025400161743, 0.5196173191070557, 0.5419242978096008, 0.522335410118103], "1": [0.9853780269622803, 0.5127121210098267], "2": [0.6791025400161743, 0.9466426968574524, 0.7083344459533691], "3": [0.5196173191070557, 0.5127121210098267, 0.9466426968574524, 0.6508443355560303], "4": [0.5419242978096008, 0.6508443355560303, 0.9661877155303955, 0.537295937538147], "5": [0.7083344459533691, 0.9661877155303955, 0.6471601724624634], "6": [0.537295937538147, 0.9052261114120483], "7": [0.522335410118103, 0.6471601724624634, 0.9052261114120483], "8": [0.9289441108703613], "9": [0.9289441108703613, 0.6135298013687134], "10": [0.6135298013687134, 0.8794335722923279], "11": [0.8794335722923279, 0.5196398496627808], "12": [0.5196398496627808, 0.9316955804824829], "13": [0.9316955804824829, 0.5913020372390747], "14": [0.5913020372390747, 0.9808855652809143, 0.7962337732315063], "15": [0.9808855652809143, 0.5785435438156128, 0.6971912384033203], "16": [0.7962337732315063, 0.5785435438156128, 0.9583368301391602], "17": [0.6971912384033203, 0.9583368301391602], "18": [0.5801786184310913], "19": [0.5801786184310913, 0.9765034317970276, 0.8366166353225708, 0.6424368023872375, 0.5085935592651367], "20": [0.9765034317970276, 0.5726808905601501], "21": [0.8366166353225708, 0.9548534154891968, 0.710074245929718], "22": [], "23": [0.6424368023872375, 0.5726808905601501, 0.9548534154891968], "24": [0.5085935592651367, 0.710074245929718, 0.8950685262680054], "25": [0.8950685262680054]}}