{"faster_rcnn_scores": [0.5677719116210938, 0.9300010800361633, 0.6177515983581543, 0.97342449426651, 0.7339031100273132, 0.9567265510559082, 0.9317882061004639, 0.5868386030197144, 0.6940168142318726, 0.9123520255088806, 0.8574162125587463, -1.0, 0.5584350228309631, 0.5104714035987854, 0.6040986776351929, -1.0, 0.6324390769004822, 0.6964030265808105, -1.0, -1.0, 0.5714518427848816, 0.6087278127670288, 0.6365063190460205, 0.5406723618507385, 0.9623082876205444, 0.8363745212554932, 0.8635654449462891, 0.6715584397315979, 0.7295787930488586], "siamese_scores": {"0": [0.9981968998908997, 0.9951416254043579, 0.8410148024559021, 0.7233973741531372, 0.8256343007087708, 0.5633545517921448, 0.8476812839508057, 0.5589090585708618], "1": [0.9981968998908997, 0.6361569166183472], "2": [0.9951416254043579, 0.968471109867096, 0.6735798716545105, 0.7083122134208679, 0.6188392043113708], "3": [0.8410148024559021, 0.8617531061172485, 0.5824254155158997, 0.59708172082901], "4": [0.968471109867096, 0.9240812063217163, 0.8537468314170837, 0.787274181842804], "5": [0.6735798716545105, 0.9240812063217163], "6": [0.7233973741531372, 0.6361569166183472, 0.8617531061172485, 0.8124971985816956, 0.666506826877594], "7": [0.7083122134208679, 0.8537468314170837], "8": [0.6188392043113708, 0.787274181842804], "9": [0.8256343007087708, 0.5824254155158997, 0.8124971985816956, 0.8263238668441772], "10": [0.5633545517921448, 0.9919730424880981, 0.5965644717216492, 0.7640127539634705], "11": [0.59708172082901, 0.8263238668441772, 0.9919730424880981, 0.9939286708831787, 0.9709034562110901, 0.9843236804008484, 0.9570603370666504, 0.5685956478118896], "12": [0.5965644717216492, 0.9939286708831787, 0.7014473676681519, 0.5058083534240723], "13": [0.9709034562110901, 0.7014473676681519, 0.8338984251022339, 0.8707478642463684, 0.7021498084068298, 0.5434441566467285], "14": [0.8476812839508057, 0.666506826877594, 0.9843236804008484, 0.5058083534240723, 0.8338984251022339, 0.9986603260040283, 0.9816716313362122, 0.9809797406196594, 0.8102977275848389, 0.563719630241394], "15": [0.7640127539634705, 0.8707478642463684, 0.9986603260040283, 0.9853471517562866, 0.5157082676887512, 0.5481494069099426, 0.8674604296684265], "16": [0.5589090585708618, 0.9570603370666504, 0.7021498084068298, 0.9853471517562866, 0.9889735579490662, 0.9908520579338074, 0.9886666536331177, 0.8822572827339172, 0.5918077230453491, 0.5613184571266174], "17": [0.5157082676887512, 0.9889735579490662, 0.7304067611694336], "18": [0.5434441566467285, 0.9816716313362122, 0.9908520579338074, 0.7304067611694336, 0.5361881852149963, 0.896041214466095, 0.8630896210670471, 0.968254566192627, 0.6298729777336121], "19": [0.9809797406196594, 0.9886666536331177, 0.5361881852149963, 0.9458984732627869, 0.982174813747406, 0.6946101188659668, 0.9780264496803284, 0.6016700267791748], "20": [0.8102977275848389, 0.5481494069099426, 0.8822572827339172, 0.896041214466095, 0.9458984732627869, 0.9717066884040833, 0.9515172243118286], "21": [0.8630896210670471, 0.982174813747406, 0.9717066884040833, 0.6137546300888062], "22": [0.6946101188659668, 0.6137546300888062], "23": [0.5685956478118896, 0.8674604296684265, 0.968254566192627, 0.9780264496803284, 0.9515172243118286, 0.9346604347229004, 0.9518918395042419], "24": [0.5881985425949097], "25": [0.563719630241394, 0.5918077230453491, 0.9346604347229004, 0.5169047713279724, 0.9627429842948914], "26": [0.5613184571266174, 0.6298729777336121, 0.6016700267791748, 0.9518918395042419, 0.5169047713279724, 0.9981239438056946, 0.7279108762741089], "27": [0.5881985425949097, 0.9627429842948914, 0.9981239438056946, 0.7744479775428772], "28": [0.7279108762741089, 0.7744479775428772]}}