{"label": {"acc": 0.782608695652174, "precision": 0.8900966183574879, "recall": 0.782608695652174, "f_score": 0.8110826939471442}, "linking": {"acc": 0.05855855855855856, "precision": 0.061611374407582936, "recall": 0.5416666666666666, "f_score": 0.11063829787234042}}