{"label": {"acc": 0.5652173913043478, "precision": 0.37101449275362325, "recall": 0.5652173913043478, "f_score": 0.44782608695652176}, "linking": {"acc": 0.014084507042253521, "precision": 0.017543859649122806, "recall": 0.06666666666666667, "f_score": 0.02777777777777778}}