{"label": {"acc": 0.8275862068965517, "precision": 0.9103448275862068, "recall": 0.8275862068965517, "f_score": 0.858784893267652}, "linking": {"acc": 0.023076923076923078, "precision": 0.027522935779816515, "recall": 0.125, "f_score": 0.04511278195488722}}