{"faster_rcnn_scores": [0.6188188195228577, 0.7336960434913635, 0.6953868865966797, -1.0, 0.5007869005203247, -1.0, 0.6099475622177124, 0.5614442825317383, 0.6508058309555054, 0.5909620523452759, 0.5160792469978333, 0.5981144905090332, 0.5160792469978333, 0.7544772028923035, 0.5160792469978333, 0.7293597459793091, 0.9534230828285217, 0.7322845458984375, 0.7358013987541199, -1.0, 0.963767945766449, 0.5490491986274719, 0.7004498839378357, -1.0, 0.9651197791099548, 0.5639357566833496, 0.8047029376029968, 0.8554816246032715, 0.9681847095489502, 0.5730627179145813, 0.6133901476860046, 0.781282901763916, 0.9719401001930237, 0.7529453039169312, 0.5587789416313171, 0.8555418848991394, 0.966934323310852, 0.812855064868927, 0.551965594291687, 0.7990776896476746, 0.9768610000610352, 0.6364675164222717, 0.6727789044380188, -1.0, 0.9781515598297119, 0.5632195472717285, 0.6384761333465576, 0.700878381729126, 0.9780980348587036, -1.0, 0.551533043384552, 0.8043191432952881, 0.9787102937698364, 0.6913822293281555, 0.5105385184288025, 0.7482959628105164, 0.9818931818008423, 0.759559154510498, 0.6407598257064819, 0.8662815690040588, 0.9793136715888977, 0.768286406993866, 0.5624486804008484, 0.8461190462112427, 0.9819753766059875, 0.7296983003616333, 0.6498412489891052, 0.8310991525650024, 0.9797975420951843, 0.542793333530426, 0.9840399622917175, -1.0, 0.9840399622917175, 0.5540261268615723, 0.5540261268615723, 0.5764862298965454, 0.6906736493110657, 0.9777806401252747, 0.6371176838874817, 0.6567530632019043, 0.5679166913032532, 0.9673439860343933, 0.5551738739013672, 0.5099393725395203, 0.5999385714530945, 0.9863891005516052, 0.5302042961120605, 0.6742905378341675], "siamese_scores": {"0": [0.9795821905136108, 0.8243298530578613], "1": [0.9795821905136108, 0.7631454467773438, 0.6397595405578613, 0.5921103954315186, 0.545599639415741], "2": [0.5933833122253418], "3": [0.8243298530578613, 0.7148144841194153], "4": [0.7631454467773438, 0.7148144841194153, 0.7901398539543152], "5": [0.7901398539543152, 0.8254275321960449, 0.8590428233146667, 0.6817482709884644, 0.6642475724220276, 0.7375990152359009, 0.5555075407028198], "6": [0.8254275321960449, 0.629442572593689], "7": [0.8590428233146667, 0.629442572593689, 0.5677121877670288], "8": [0.5933833122253418, 0.8750758171081543, 0.8300382494926453, 0.7936762571334839], "9": [0.6817482709884644, 0.5677121877670288, 0.817020058631897], "10": [0.8750758171081543, 0.817020058631897], "11": [0.6642475724220276, 0.5309032201766968, 0.5358027219772339], "12": [0.8300382494926453, 0.5309032201766968], "13": [0.7375990152359009, 0.5358027219772339, 0.7674381732940674], "14": [0.7936762571334839, 0.7674381732940674], "15": [0.5174513459205627, 0.5860629677772522, 0.5058106184005737], "16": [0.5174513459205627, 0.9107437133789062, 0.7269831299781799, 0.51633220911026, 0.7305692434310913, 0.6445029377937317, 0.5487090945243835], "17": [0.7370519638061523, 0.8781877160072327, 0.775481104850769, 0.771481454372406, 0.7308493256568909, 0.6900911927223206, 0.6772239804267883, 0.5487504005432129, 0.6188225746154785, 0.5928841233253479, 0.5583062767982483], "18": [0.6397595405578613, 0.5860629677772522, 0.9107437133789062, 0.7370519638061523, 0.9912910461425781, 0.7673735022544861, 0.6739466190338135, 0.8247495293617249, 0.7404380440711975, 0.6468552947044373], "19": [0.7269831299781799, 0.8781877160072327, 0.9912910461425781, 0.5314668416976929, 0.8662830591201782, 0.849865198135376, 0.9484876394271851, 0.6357145309448242, 0.9246322512626648, 0.9355915188789368, 0.8988801836967468, 0.8869636058807373, 0.8690004348754883, 0.8544037938117981, 0.8273565769195557, 0.8221563696861267, 0.7500399351119995, 0.7353353500366211, 0.686269223690033, 0.707853376865387, 0.6306716799736023, 0.6366196870803833, 0.5707105994224548, 0.6954717636108398, 0.5025455355644226], "20": [0.51633220911026, 0.7673735022544861, 0.5314668416976929, 0.7424989342689514, 0.514104425907135, 0.5569219589233398], "21": [0.6739466190338135, 0.8662830591201782, 0.7255367040634155, 0.8654438853263855, 0.7730650305747986, 0.7882143259048462, 0.7755011320114136, 0.7268903255462646, 0.6471234560012817, 0.6730457544326782, 0.6568241715431213, 0.6156825423240662, 0.5511667132377625, 0.5526041984558105, 0.6054954528808594], "22": [0.5921103954315186, 0.5058106184005737, 0.7305692434310913, 0.849865198135376, 0.7424989342689514, 0.7255367040634155, 0.9916553497314453, 0.9217740893363953, 0.7375833988189697], "23": [0.775481104850769, 0.8247495293617249, 0.8654438853263855, 0.9916553497314453, 0.8202297687530518, 0.982014000415802, 0.8600191473960876, 0.9487203359603882, 0.9584753513336182, 0.6384689807891846, 0.9204737544059753, 0.9207749962806702, 0.5001782178878784, 0.897836446762085, 0.8836493492126465, 0.8629509210586548, 0.8567984700202942, 0.7951303124427795, 0.780393123626709, 0.7362306714057922, 0.7563891410827637, 0.6861376762390137, 0.693357527256012, 0.6292902231216431, 0.7454500794410706, 0.5640410780906677, 0.5311422348022461, 0.5005202889442444, 0.5011261701583862], "24": [0.7404380440711975, 0.514104425907135, 0.9217740893363953, 0.8202297687530518, 0.8629974722862244, 0.9103865027427673, 0.7467281222343445, 0.730890691280365, 0.6451936364173889, 0.5445089936256409], "25": [0.5555075407028198, 0.771481454372406, 0.9484876394271851, 0.7730650305747986, 0.982014000415802, 0.8629974722862244, 0.8679549694061279, 0.8914299607276917, 0.5308822989463806], "26": [0.545599639415741, 0.6445029377937317, 0.6357145309448242, 0.5569219589233398, 0.8600191473960876, 0.9103865027427673, 0.9233049750328064, 0.5605047941207886, 0.5317906737327576, 0.5503172278404236], "27": [0.7308493256568909, 0.9246322512626648, 0.7882143259048462, 0.9487203359603882, 0.7467281222343445, 0.8183088898658752, 0.5205571055412292, 0.8671129941940308, 0.8824372291564941], "28": [0.6468552947044373, 0.7375833988189697, 0.9233049750328064, 0.8183088898658752, 0.9385800361633301, 0.908410906791687, 0.7320038676261902, 0.5077306032180786, 0.7321620583534241, 0.6452980041503906, 0.537680447101593], "29": [0.6900911927223206, 0.9355915188789368, 0.7755011320114136, 0.9584753513336182, 0.5205571055412292, 0.9385800361633301, 0.5303142070770264, 0.9113824963569641, 0.8860759735107422, 0.61283940076828], "30": [0.5487090945243835, 0.6384689807891846, 0.730890691280365, 0.908410906791687, 0.7651875019073486, 0.5651822686195374, 0.6375276446342468, 0.6394336223602295], "31": [0.6772239804267883, 0.8988801836967468, 0.7268903255462646, 0.9204737544059753, 0.7320038676261902, 0.5303142070770264, 0.5106744170188904, 0.5193524360656738, 0.9028597474098206, 0.9066334366798401, 0.5638625621795654], "32": [0.5605047941207886, 0.5077306032180786, 0.7651875019073486, 0.5106744170188904, 0.9637128710746765, 0.760129988193512, 0.5617775917053223], "33": [0.5487504005432129, 0.8869636058807373, 0.6471234560012817, 0.9207749962806702, 0.5193524360656738, 0.9637128710746765, 0.5316485166549683, 0.6267518401145935, 0.9144095182418823, 0.932958722114563, 0.644121527671814], "34": [0.5001782178878784, 0.6451936364173889, 0.7321620583534241, 0.760129988193512, 0.7532618641853333, 0.7262969613075256, 0.5941656827926636, 0.5325444340705872, 0.7079938054084778], "35": [0.6188225746154785, 0.8690004348754883, 0.6730457544326782, 0.897836446762085, 0.5316485166549683, 0.5117712616920471, 0.924161434173584, 0.9283276200294495, 0.6255202293395996], "36": [0.5651822686195374, 0.6267518401145935, 0.7532618641853333, 0.5117712616920471, 0.8867025971412659, 0.7604612112045288, 0.5135095119476318, 0.5034898519515991, 0.560539186000824], "37": [0.5928841233253479, 0.8544037938117981, 0.6568241715431213, 0.8836493492126465, 0.8867025971412659, 0.6360447406768799, 0.9356141686439514, 0.9344440698623657, 0.670434296131134], "38": [0.5445089936256409, 0.6452980041503906, 0.5617775917053223, 0.7604612112045288, 0.9133349657058716, 0.8158321976661682, 0.553824782371521, 0.6345836520195007, 0.7767320275306702],