{"label": {"acc": 0.5185185185185185, "precision": 0.5925925925925926, "recall": 0.5185185185185185, "f_score": 0.5235294117647059}, "linking": {"acc": 0.007518796992481203, "precision": 0.008547008547008548, "recall": 0.058823529411764705, "f_score": 0.014925373134328361}}