{"faster_rcnn_scores": [0.8944612145423889, 0.9023820757865906, 0.624780535697937, 0.8038963675498962, 0.6110221147537231, 0.9249919652938843, 0.5997186899185181, 0.7684590220451355, 0.5112175345420837, 0.8656778335571289, 0.9495946168899536, 0.6516334414482117, 0.9231776595115662, -1.0, 0.7393304109573364, 0.714614748954773, 0.7018780708312988, 0.7018780708312988, 0.7018780708312988, 0.9915369749069214, 0.8340229392051697, 0.7728593945503235], "siamese_scores": {"0": [0.6850739121437073, 0.7795655727386475, 0.7736573219299316], "1": [], "2": [0.6850739121437073, 0.8717116117477417, 0.6630159616470337], "3": [0.7795655727386475, 0.8717116117477417], "4": [0.7736573219299316, 0.6630159616470337], "5": [], "6": [], "7": [], "8": [0.7109991908073425, 0.6182059049606323], "9": [0.7544795274734497, 0.8100838661193848], "10": [0.7109991908073425, 0.6938298344612122], "11": [0.6182059049606323, 0.7544795274734497, 0.9457112550735474], "12": [0.9631089568138123], "13": [0.8100838661193848, 0.6938298344612122, 0.9457112550735474, 0.9631089568138123], "14": [0.8435682654380798, 0.8843042850494385, 0.8829818964004517, 0.8928516507148743], "15": [0.8435682654380798, 0.736893892288208, 0.6787438988685608, 0.7295275926589966], "16": [0.8843042850494385, 0.736893892288208], "17": [0.8829818964004517, 0.6787438988685608, 0.5086372494697571], "18": [0.8928516507148743, 0.7295275926589966, 0.5086372494697571], "19": [], "20": [], "21": []}}