{"label": {"acc": 0.7474747474747475, "precision": 0.8187590187590188, "recall": 0.7474747474747475, "f_score": 0.7678638234193791}, "linking": {"acc": 0.014720314033366046, "precision": 0.017064846416382253, "recall": 0.0967741935483871, "f_score": 0.029013539651837526}}