{"label": {"acc": 0.6956521739130435, "precision": 0.8405797101449276, "recall": 0.6956521739130435, "f_score": 0.7463768115942028}, "linking": {"acc": 0.01639344262295082, "precision": 0.022727272727272728, "recall": 0.05555555555555555, "f_score": 0.032258064516129024}}