{"label": {"acc": 0.7631578947368421, "precision": 0.8178670360110804, "recall": 0.7631578947368421, "f_score": 0.7794486215538847}, "linking": {"acc": 0.005415162454873646, "precision": 0.005607476635514018, "recall": 0.13636363636363635, "f_score": 0.010771992818671453}}