{"faster_rcnn_scores": [0.6406411528587341, 0.6635627746582031, 0.5443328022956848, -1.0, -1.0, 0.9821692109107971, -1.0, -1.0, -1.0, 0.5496254563331604, 0.5496254563331604, 0.8276367783546448, -1.0, 0.5332685112953186, 0.8873206377029419, 0.7772705554962158, 0.878055989742279, 0.6067826747894287, 0.8093413710594177, 0.7076848149299622, 0.9732761979103088, 0.503439724445343, 0.9772720336914062, 0.9653700590133667, 0.6601628661155701, 0.922951877117157, 0.8385440111160278, 0.902381420135498, 0.8590363264083862, 0.7183837294578552, 0.5546890497207642, 0.5662686228752136, 0.730019748210907, -1.0, 0.5943411588668823, 0.5943411588668823, 0.551211416721344, 0.551211416721344, 0.5049543380737305, 0.9492777585983276, 0.5240290760993958, 0.684695303440094, 0.5909854769706726, -1.0, 0.5690548419952393, 0.5042381882667542, -1.0, 0.7408851981163025, 0.8399980068206787, 0.9249511957168579, 0.9802412986755371], "siamese_scores": {"0": [0.969681978225708, 0.7472521662712097, 0.5147292613983154, 0.6671811938285828], "1": [0.9874728918075562, 0.8895743489265442, 0.947394073009491, 0.7608450651168823, 0.7739811539649963, 0.5830977559089661], "2": [0.969681978225708, 0.9874728918075562, 0.9991464614868164, 0.997296154499054, 0.9981299042701721, 0.9834038615226746, 0.9969934225082397, 0.6006576418876648, 0.5856608748435974], "3": [0.7472521662712097, 0.9991464614868164, 0.9915708303451538, 0.5294045805931091, 0.5964388251304626, 0.563255786895752, 0.6258976459503174, 0.5007482171058655, 0.8900387287139893, 0.5546680092811584], "4": [0.8895743489265442, 0.997296154499054, 0.5159057378768921, 0.8892849683761597, 0.6540827751159668, 0.9531449675559998, 0.8489802479743958, 0.6471582651138306, 0.557111918926239, 0.8812702298164368, 0.6074836254119873, 0.5668960809707642], "5": [0.5147292613983154, 0.9915708303451538, 0.5159057378768921, 0.9938231706619263, 0.8867537379264832, 0.8127924203872681, 0.9599907994270325, 0.7924483418464661], "6": [0.6671811938285828, 0.947394073009491, 0.9981299042701721, 0.5294045805931091, 0.8892849683761597, 0.9938231706619263, 0.7807281017303467, 0.7584040760993958, 0.8605816960334778, 0.6831061840057373, 0.9643276333808899, 0.7277928590774536, 0.6379339098930359, 0.5223815441131592, 0.9407272338867188, 0.5286144018173218, 0.8017420768737793, 0.7086610794067383], "7": [0.7608450651168823, 0.9834038615226746, 0.7807281017303467, 0.9300547242164612, 0.9883096218109131, 0.8524417281150818, 0.6285209655761719, 0.5505015850067139, 0.8419368267059326, 0.594148576259613, 0.6587339639663696], "8": [0.7739811539649963, 0.9969934225082397, 0.6540827751159668, 0.8867537379264832, 0.7584040760993958, 0.9300547242164612, 0.9734563231468201, 0.8685824871063232, 0.5508084893226624, 0.984898030757904, 0.9032647609710693, 0.797688901424408, 0.8687765002250671, 0.9797526597976685, 0.8971344232559204, 0.6217668056488037, 0.9743281602859497, 0.6396777033805847, 0.7272607684135437], "9": [0.5964388251304626, 0.8127924203872681, 0.8605816960334778, 0.9734563231468201, 0.5533810257911682, 0.8292703032493591, 0.6837095022201538], "10": [0.5830977559089661, 0.9531449675559998, 0.6831061840057373, 0.9883096218109131, 0.8685824871063232, 0.5533810257911682, 0.6906365156173706, 0.8577221035957336, 0.7283496260643005, 0.5445932745933533, 0.7046627998352051], "11": [0.563255786895752, 0.5508084893226624, 0.980628490447998, 0.79258131980896, 0.7594910264015198, 0.5161819458007812, 0.6716178059577942], "12": [0.9599907994270325, 0.8292703032493591, 0.6906365156173706, 0.980628490447998, 0.7463170289993286, 0.9167700409889221, 0.9952442049980164, 0.9107251167297363, 0.9867607355117798, 0.8363831639289856, 0.9122604727745056, 0.9679535627365112, 0.9346417784690857], "13": [0.8489802479743958, 0.9643276333808899, 0.8524417281150818, 0.984898030757904, 0.8577221035957336, 0.7463170289993286, 0.9118918180465698, 0.6777746677398682, 0.6832236051559448], "14": [0.6006576418876648, 0.7277928590774536, 0.9032647609710693, 0.79258131980896, 0.9167700409889221, 0.8626577258110046, 0.5642873048782349, 0.6609387397766113, 0.6589508652687073, 0.5826183557510376, 0.6386208534240723, 0.7738509774208069], "15": [0.6471582651138306, 0.6379339098930359, 0.6285209655761719, 0.797688901424408, 0.7283496260643005, 0.9118918180465698, 0.8626577258110046, 0.7649626135826111, 0.9157156348228455, 0.7017756104469299], "16": [0.6258976459503174, 0.5223815441131592, 0.8687765002250671, 0.7594910264015198, 0.9952442049980164, 0.5642873048782349, 0.7215909957885742], "17": [0.9407272338867188, 0.9797526597976685, 0.9107251167297363, 0.6609387397766113, 0.7649626135826111, 0.6005299091339111], "18": [0.5286144018173218, 0.8971344232559204, 0.5161819458007812, 0.9867607355117798, 0.6589508652687073, 0.5643507838249207, 0.5104655623435974, 0.7259787321090698], "19": [0.557111918926239, 0.5505015850067139, 0.5445932745933533, 0.6777746677398682, 0.5826183557510376, 0.6005299091339111, 0.9447629451751709, 0.7753720879554749], "20": [0.5007482171058655, 0.8363831639289856, 0.6386208534240723, 0.7215909957885742, 0.5643507838249207, 0.8533864617347717, 0.9155703186988831], "21": [0.8812702298164368, 0.8419368267059326, 0.6217668056488037, 0.7046627998352051, 0.9157156348228455, 0.9447629451751709, 0.749130129814148, 0.6083481907844543, 0.5284075140953064], "22": [0.5856608748435974, 0.8017420768737793, 0.9743281602859497, 0.9122604727745056, 0.7738509774208069, 0.5104655623435974, 0.8533864617347717, 0.749130129814148, 0.896918773651123], "23": [0.8900387287139893, 0.6837095022201538, 0.6716178059577942, 0.9679535627365112, 0.9155703186988831, 0.9147260785102844], "24": [0.6074836254119873, 0.594148576259613, 0.6396777033805847, 0.7017756104469299, 0.7753720879554749, 0.901711642742157, 0.6325249671936035], "25": [0.5668960809707642, 0.6587339639663696, 0.6083481907844543, 0.901711642742157, 0.6486491560935974, 0.9783329367637634], "26": [0.6832236051559448, 0.5284075140953064, 0.6325249671936035, 0.6486491560935974, 0.9541080594062805], "27": [0.7259787321090698, 0.896918773651123, 0.9613987803459167], "28": [0.5546680092811584, 0.7924483418464661, 0.9346417784690857, 0.9147260785102844, 0.9613987803459167, 0.9270520806312561], "29": [0.7086610794067383, 0.7272607684135437, 0.9783329367637634, 0.9541080594062805, 0.9270520806312561, 0.8632499575614929, 0.8497012853622437, 0.9232690334320068], "30": [0.8632499575614929, 0.7004428505897522, 0.6940280795097351, 0.6421536803245544, 0.6898444294929504, 0.5709422826766968], "31": [0.8497012853622437, 0.8150025010108948, 0.7779216170310974, 0.642034649848938, 0.678388774394989, 0.6050601005554199, 0.5733218193054199], "32": [0.7004428505897522, 0.8150025010108948, 0.9564143419265747], "33": [0.9232690334320068, 0.6940280795097351, 0.7779216170310974, 0.9564143419265747, 0.9827011227607727, 0.9520219564437866, 0.9087138175964355, 0.8834995031356812, 0.8664078712463379, 0.5385026335716248], "34": [0.6421536803245544, 0.642034649848938, 0.9827011227607727], "35": [0.6898444294929504, 0.678388774394989, 0.9520219564437866], "36": [0.5709422826766968, 0.6050601005554199, 0.9087138175964355], "37": [0.5733218193054199, 0.8834995031356812, 0.5314001441001892, 0.5498098731040955], "38": [0.8664078712463379, 0.5314001441001892, 0.9132723808288574], "39": [0.5385026335716248, 0.5498098731040955, 0.9132723808288574, 0.5799171328544617], "40": [0.7158353328704834], "41": [0.660844087600708, 0.5888392329216003], "42": [0.709722101688385], "43": [0.5799171328544617, 0.7158353328704834, 0.996537446975708, 0.6007871031761169, 0.5357077717781067, 0.9088855981826782, 0.5326289534568787], "44": [0.660844087600708, 0.996537446975708, 0.9487802386283875, 0.951233983039856], "45": [0.6007871031761169, 0.9487802386283875, 0.9022343754768372, 0.7720767855644226, 0.6294604539871216, 0.8182711601257324], "46": [0.709722101688385, 0.951233983039856, 0.9022343754768372, 0.9382289052009583, 0.5676544308662415, 0.8837725520133972],