{"faster_rcnn_scores": [0.9137086868286133, 0.6051825881004333, 0.9406640529632568, 0.8805752396583557, 0.7168325781822205, 0.6485722064971924, 0.8371151089668274, 0.8264297842979431, 0.8140020966529846, 0.7429468631744385, 0.8747959136962891, 0.8011387586593628, 0.5572224855422974, 0.9177880883216858, 0.5640754699707031, 0.7715486288070679, 0.9115530252456665, 0.9470115900039673, 0.7421815991401672, 0.6125901341438293, 0.7520981431007385, -1.0, 0.5131542682647705, -1.0, 0.5007578134536743, -1.0, -1.0, 0.7148851752281189, 0.581312894821167, 0.7927283048629761, 0.5205077528953552, 0.9225819706916809, -1.0, 0.5083059072494507, 0.7360681295394897, 0.666804850101471, 0.9472537040710449, 0.963548481464386, -1.0, 0.9854368567466736, -1.0, 0.5532119274139404, 0.510867714881897, -1.0, 0.510867714881897, -1.0, -1.0], "siamese_scores": {"0": [0.9834755659103394, 0.9550397396087646, 0.9044877886772156, 0.7920714616775513, 0.7595729231834412, 0.5319927334785461], "1": [0.9834755659103394, 0.5243005752563477], "2": [0.9550397396087646, 0.5243005752563477], "3": [0.5082870125770569], "4": [], "5": [0.9044877886772156, 0.5972766876220703, 0.6794900298118591], "6": [0.7920714616775513, 0.5082870125770569, 0.5972766876220703], "7": [0.7595729231834412], "8": [], "9": [], "10": [0.728426456451416], "11": [0.5931520462036133], "12": [], "13": [0.7977263331413269], "14": [0.6794900298118591, 0.728426456451416, 0.5931520462036133, 0.7977263331413269, 0.5089210271835327, 0.7017519474029541, 0.776587724685669, 0.5670002102851868, 0.5248277187347412, 0.5164541602134705], "15": [0.5089210271835327], "16": [0.7017519474029541, 0.5742149949073792], "17": [0.7630721926689148, 0.5532220602035522], "18": [0.6555977463722229, 0.5956453680992126], "19": [0.5742149949073792, 0.7630721926689148, 0.9860198497772217, 0.9193518757820129, 0.8743860721588135, 0.9028432965278625, 0.5019629001617432, 0.5544283390045166], "20": [0.953775942325592, 0.5949466228485107], "21": [0.776587724685669, 0.5532220602035522, 0.6555977463722229, 0.9860198497772217, 0.953775942325592], "22": [0.5956453680992126, 0.5949466228485107, 0.9511178135871887, 0.8214911818504333, 0.5633167028427124, 0.7751247882843018], "23": [0.5319927334785461, 0.5670002102851868, 0.9193518757820129, 0.9511178135871887, 0.9752951264381409, 0.6307790279388428], "24": [0.8214911818504333, 0.9752951264381409, 0.9943645000457764, 0.7823001146316528, 0.6333039402961731, 0.5210220217704773], "25": [0.5248277187347412, 0.8743860721588135, 0.5633167028427124, 0.9943645000457764, 0.7040314674377441, 0.7667176723480225], "26": [0.5164541602134705, 0.9028432965278625, 0.7823001146316528, 0.9040095210075378, 0.8514124155044556], "27": [0.7751247882843018, 0.7040314674377441, 0.9040095210075378, 0.8253692984580994, 0.7607662677764893, 0.6135436296463013], "28": [0.5019629001617432, 0.6307790279388428, 0.7667176723480225, 0.8514124155044556, 0.8253692984580994], "29": [0.6333039402961731, 0.7607662677764893, 0.5313510894775391], "30": [0.7729314565658569, 0.6144050359725952, 0.5464447140693665], "31": [0.7729314565658569], "32": [0.5210220217704773, 0.6135436296463013, 0.5313510894775391, 0.7543848156929016, 0.9146533608436584, 0.682898223400116], "33": [0.7543848156929016, 0.5506047010421753], "34": [0.9146533608436584], "35": [0.682898223400116, 0.5506047010421753], "36": [0.5337949991226196], "37": [0.8518555164337158, 0.7654012441635132], "38": [0.6144050359725952, 0.5337949991226196, 0.8518555164337158, 0.5448338985443115, 0.8874031901359558], "39": [], "40": [0.5464447140693665, 0.7654012441635132, 0.5448338985443115, 0.9430140852928162], "41": [0.8874031901359558, 0.9430140852928162, 0.9409531950950623, 0.8585073351860046, 0.7817977070808411], "42": [], "43": [0.5544283390045166, 0.9409531950950623, 0.7030990719795227], "44": [], "45": [0.8585073351860046, 0.7030990719795227], "46": [0.7817977070808411]}}