{"faster_rcnn_scores": [0.8041379451751709, 0.805351734161377, 0.8353803753852844, 0.8041379451751709, 0.8041379451751709, -1.0, -1.0, 0.865520715713501, 0.8858357667922974, -1.0, -1.0, -1.0, 0.5226447582244873, 0.8875945210456848, -1.0, 0.5648705363273621, 0.6023494005203247, 0.9451413750648499, -1.0, 0.5944565534591675, -1.0, 0.7706491947174072, 0.8144515752792358, 0.7214897871017456, 0.8929047584533691, 0.6916340589523315, 0.5204207897186279, 0.5972716808319092, 0.7286611199378967, 0.6288323402404785, -1.0, -1.0, 0.7862491011619568, 0.6604310870170593, 0.7789825797080994, 0.51215660572052, 0.51215660572052, 0.5388305187225342, 0.8662049770355225, 0.5388305187225342, 0.5388305187225342, 0.5598688125610352, 0.7503727078437805, 0.5598688125610352, 0.5598688125610352, 0.6546287536621094, 0.5709764361381531, 0.9218335747718811, 0.9113022089004517, 0.560876727104187, 0.6518130898475647, 0.8312678337097168, 0.8378399014472961, 0.9268267750740051, 0.9268267750740051, 0.8708963990211487, 0.938319981098175, 0.7707175016403198, 0.8194615244865417, 0.8190977573394775, 0.8190977573394775, 0.8190977573394775, 0.8190977573394775, 0.691179633140564, 0.5220991373062134, 0.691179633140564, 0.691179633140564, 0.8172314763069153], "siamese_scores": {"0": [0.9672165513038635, 0.7341106534004211, 0.634675920009613, 0.5435982346534729, 0.6468158960342407], "1": [0.9672165513038635], "2": [0.8524968028068542, 0.6705954074859619, 0.6742364168167114, 0.6186484098434448, 0.5276420712471008], "3": [0.7341106534004211, 0.5753721594810486], "4": [0.634675920009613], "5": [0.8524968028068542, 0.980307400226593, 0.9057390093803406], "6": [0.974384069442749, 0.6901009678840637, 0.6245874762535095, 0.8353598117828369, 0.515766978263855, 0.5350015759468079], "7": [0.980307400226593, 0.974384069442749, 0.8574429750442505, 0.7925722002983093, 0.5336329936981201], "8": [0.6901009678840637, 0.6867268085479736], "9": [0.6705954074859619, 0.8574429750442505, 0.5158392786979675, 0.5955135226249695, 0.783104419708252, 0.8851394057273865, 0.5892098546028137], "10": [0.6245874762535095, 0.8992517590522766, 0.6294562220573425, 0.5329097509384155], "11": [0.6742364168167114, 0.7925722002983093, 0.5158392786979675, 0.8399448394775391, 0.802357017993927, 0.9343488216400146], "12": [0.8353598117828369, 0.5955135226249695, 0.8992517590522766, 0.8399448394775391, 0.9066694378852844, 0.5351790189743042], "13": [0.5507223010063171], "14": [0.9066694378852844, 0.8182846307754517, 0.7202536463737488, 0.6450428366661072, 0.5529640913009644], "15": [0.783104419708252, 0.802357017993927, 0.8182846307754517, 0.9114210605621338], "16": [0.8578253388404846, 0.7581457495689392], "17": [0.6186484098434448, 0.9057390093803406, 0.5336329936981201, 0.8851394057273865, 0.9343488216400146, 0.7202536463737488, 0.9114210605621338, 0.7883381247520447, 0.6682512164115906, 0.9317654371261597], "18": [0.5507223010063171, 0.8578253388404846, 0.7750893831253052, 0.6673657894134521, 0.5619043111801147, 0.5284937024116516], "19": [0.7750893831253052, 0.8497958779335022], "20": [0.6867268085479736, 0.7581457495689392, 0.8497958779335022, 0.9041224122047424, 0.5774458646774292, 0.5645043849945068, 0.5901890993118286], "21": [0.9041224122047424], "22": [0.5892098546028137, 0.7883381247520447, 0.5385987162590027, 0.8098194599151611], "23": [0.515766978263855, 0.6294562220573425, 0.6450428366661072, 0.5077953934669495, 0.840515673160553], "24": [0.5753721594810486, 0.6225197315216064, 0.5205893516540527, 0.6127193570137024], "25": [0.6673657894134521, 0.5774458646774292, 0.517758309841156, 0.8452133536338806], "26": [0.5350015759468079, 0.5329097509384155, 0.5529640913009644, 0.5077953934669495, 0.527346670627594, 0.6085403561592102, 0.9134989380836487], "27": [0.6682512164115906, 0.5385987162590027, 0.527346670627594, 0.9252210259437561], "28": [0.5435982346534729, 0.6225197315216064, 0.5329071283340454, 0.506706178188324], "29": [0.5619043111801147, 0.5645043849945068, 0.517758309841156, 0.8902304768562317], "30": [0.5276420712471008, 0.9317654371261597, 0.8098194599151611, 0.6085403561592102, 0.9252210259437561, 0.9072878956794739], "31": [0.5351790189743042, 0.840515673160553, 0.5205893516540527, 0.9134989380836487, 0.9549438953399658], "32": [0.6468158960342407, 0.6127193570137024, 0.5329071283340454, 0.9072878956794739, 0.9549438953399658, 0.7133468389511108, 0.7451294660568237, 0.5959635972976685], "33": [0.5284937024116516, 0.7133468389511108, 0.963513195514679, 0.6791872978210449], "34": [0.5901890993118286, 0.9853181838989258, 0.9309642314910889], "35": [0.8452133536338806, 0.8902304768562317, 0.963513195514679, 0.9853181838989258, 0.9013831615447998, 0.9122463464736938, 0.9228930473327637, 0.6095219254493713], "36": [0.6791872978210449, 0.9309642314910889, 0.9013831615447998, 0.8349193930625916, 0.914806604385376, 0.8927987217903137, 0.6971355080604553], "37": [0.506706178188324, 0.7451294660568237, 0.9122463464736938, 0.8349193930625916, 0.9909871220588684, 0.729738175868988, 0.5257473587989807], "38": [0.9228930473327637, 0.914806604385376, 0.9909871220588684, 0.9704211950302124, 0.6496262550354004], "39": [0.6095219254493713, 0.8927987217903137, 0.729738175868988, 0.9704211950302124, 0.5443753004074097, 0.5314104557037354], "40": [0.6971355080604553, 0.5257473587989807, 0.6496262550354004, 0.5443753004074097, 0.5523768663406372, 0.5206822156906128], "41": [0.5959635972976685, 0.5523768663406372, 0.9769254922866821, 0.5570113658905029], "42": [0.5314104557037354, 0.5206822156906128, 0.9769254922866821, 0.8646868467330933, 0.7404175996780396], "43": [0.5570113658905029, 0.8646868467330933, 0.5264219641685486], "44": [0.7404175996780396, 0.5264219641685486], "45": [0.9761670827865601], "46": [0.9761670827865601], "47": [0.7519075870513916, 0.6305369138717651], "48": [0.7519075870513916, 0.8301020860671997], "49": [0.8301020860671997, 0.5937026143074036, 0.7626456618309021, 0.8175194263458252, 0.7655051946640015, 0.5292129516601562], "50": [], "51": [0.7989897727966309], "52": [0.7989897727966309, 0.529766321182251], "53": [0.5937026143074036, 0.6770771145820618, 0.7481429576873779], "54": [0.6305369138717651], "55": [], "56": [0.529766321182251, 0.5214049816131592, 0.5276051163673401], "57": [0.5214049816131592], "58": [0.5276051163673401], "59": [0.7626456618309021, 0.6770771145820618, 0.5527622103691101], "60": [], "61": [0.8175194263458252, 0.5527622103691101], "62": [0.7655051946640015], "63": [0.7481429576873779, 0.7616239190101624], "64": [0.7616239190101624, 0.6228173971176147, 0.9014880061149597], "65": [0.5292129516601562, 0.6228173971176147], "66": [], "67": [0.9014880061149597]}}