{"label": {"acc": 0.717391304347826, "precision": 0.7160748042128005, "recall": 0.717391304347826, "f_score": 0.7165433240826395}, "linking": {"acc": 0.0, "precision": 0.0, "recall": 0.0, "f_score": -1}}