{"label": {"acc": 0.5774647887323944, "precision": 0.7063085372944529, "recall": 0.5774647887323944, "f_score": 0.6270376044715406}, "linking": {"acc": 0.003780718336483932, "precision": 0.00398406374501992, "recall": 0.06896551724137931, "f_score": 0.007532956685499058}}