{"label": {"acc": 0.7333333333333333, "precision": 0.7273809523809525, "recall": 0.7333333333333333, "f_score": 0.7287794497644019}, "linking": {"acc": 0.003898635477582846, "precision": 0.004132231404958678, "recall": 0.06451612903225806, "f_score": 0.007766990291262136}}