{"label": {"acc": 0.5652173913043478, "precision": 0.639386189258312, "recall": 0.5652173913043478, "f_score": 0.5910948349003515}, "linking": {"acc": 0.007075471698113208, "precision": 0.007371007371007371, "recall": 0.15, "f_score": 0.014051522248243561}}