{"faster_rcnn_scores": [0.5773831009864807, 0.7884194850921631, -1.0, 0.5611573457717896, -1.0, 0.5810965299606323, -1.0, -1.0, 0.9183230400085449, 0.5520588159561157, 0.6073765754699707, 0.6925264596939087, -1.0, 0.6073765754699707, -1.0, -1.0, 0.8318979740142822, -1.0, 0.9044877290725708, 0.8551487326622009, 0.5311071872711182, 0.9209699630737305, 0.979318380355835, 0.5013931393623352, 0.5404159426689148, 0.6202876567840576, -1.0, 0.6248584985733032, 0.9237917065620422, 0.5882367491722107, -1.0, -1.0, -1.0, -1.0, 0.9368751049041748, -1.0, 0.5152339339256287, 0.838455319404602, 0.9014273285865784, 0.6681914329528809, 0.883385181427002, 0.6428585648536682, 0.9158504605293274, 0.9158504605293274, 0.8800428509712219, 0.9405137896537781, 0.6554166674613953, 0.9669633507728577, -1.0, 0.8897285461425781, 0.8778060674667358, 0.8727245330810547, 0.9782934188842773, 0.5856425762176514, 0.8873487114906311, 0.9465395212173462, 0.8864657878875732, 0.9602330923080444, 0.8423848152160645, 0.5130704045295715, 0.8506495952606201, 0.8527041077613831, 0.985704779624939, 0.624843180179596, -1.0, 0.5612533092498779, 0.8618228435516357, -1.0, 0.5204647779464722, 0.5204647779464722, 0.6877028346061707, 0.599164605140686, 0.9054130911827087], "siamese_scores": {"0": [0.7806551456451416, 0.6220282912254333, 0.556283175945282], "1": [0.9470825791358948], "2": [0.7806551456451416, 0.9821215867996216, 0.5946312546730042], "3": [0.9470825791358948, 0.9821215867996216, 0.9722163081169128, 0.9518544673919678, 0.9914251565933228, 0.8505852818489075, 0.942915678024292, 0.7978454232215881, 0.7508828639984131, 0.640705943107605, 0.5485516786575317, 0.7969934344291687, 0.9094894528388977, 0.6397967338562012, 0.8762909770011902], "4": [0.9722163081169128, 0.774020254611969], "5": [0.9518544673919678, 0.7047412395477295, 0.5618821978569031], "6": [0.9914251565933228, 0.7047412395477295, 0.9766026139259338, 0.7610473036766052, 0.5163766741752625, 0.5429967641830444, 0.8195881843566895], "7": [0.6220282912254333, 0.8505852818489075, 0.8329203128814697, 0.6893898248672485, 0.8321707248687744, 0.6129742860794067], "8": [0.942915678024292, 0.5618821978569031, 0.9766026139259338, 0.8329203128814697, 0.5298972725868225, 0.6539558172225952], "9": [0.774020254611969, 0.6893898248672485], "10": [0.7978454232215881, 0.7610473036766052, 0.6823006272315979, 0.5335137248039246, 0.5117294192314148, 0.7567368149757385, 0.7271634340286255, 0.7064363956451416], "11": [0.7508828639984131, 0.5163766741752625, 0.5298972725868225, 0.6823006272315979, 0.7456053495407104, 0.7300913333892822], "12": [0.556283175945282, 0.640705943107605, 0.5335137248039246, 0.6557102799415588, 0.8642042875289917, 0.6913642883300781], "13": [0.5485516786575317, 0.5429967641830444, 0.5117294192314148, 0.6557102799415588, 0.8793044686317444, 0.7325953245162964, 0.5720436573028564], "14": [0.7969934344291687, 0.7567368149757385, 0.7456053495407104, 0.8793044686317444, 0.6347962021827698, 0.9205601215362549, 0.6088743805885315, 0.6438774466514587, 0.7273206114768982, 0.6538081169128418], "15": [0.9094894528388977, 0.6539558172225952, 0.7271634340286255, 0.7300913333892822, 0.7325953245162964, 0.6347962021827698, 0.8260135650634766, 0.8688294887542725, 0.541530966758728, 0.6805987358093262, 0.8379570841789246, 0.5829380750656128], "16": [0.8260135650634766, 0.8262489438056946], "17": [0.8262489438056946, 0.850565493106842, 0.9228071570396423, 0.5747843980789185, 0.719666600227356], "18": [0.850565493106842, 0.5408480167388916], "19": [0.9228071570396423, 0.5408480167388916, 0.6076049208641052, 0.834175705909729, 0.7764087915420532], "20": [0.8195881843566895, 0.7064363956451416, 0.5720436573028564, 0.9205601215362549, 0.8688294887542725, 0.8732295632362366, 0.6691400408744812, 0.853082537651062, 0.7524271607398987, 0.742416501045227, 0.7740697860717773], "21": [0.5747843980789185, 0.6076049208641052, 0.5874598026275635], "22": [0.541530966758728, 0.8732295632362366, 0.7732167840003967, 0.782660722732544], "23": [0.6691400408744812, 0.9635590314865112, 0.5342440605163574, 0.557188868522644], "24": [0.5946312546730042, 0.8321707248687744, 0.8642042875289917, 0.6088743805885315, 0.6805987358093262, 0.5874598026275635, 0.7732167840003967, 0.9635590314865112, 0.995705783367157, 0.9622812867164612, 0.9764336347579956, 0.8926212191581726, 0.8555610179901123, 0.6103407144546509, 0.5622206926345825, 0.6947728991508484], "25": [0.6397967338562012, 0.6438774466514587, 0.8379570841789246, 0.853082537651062, 0.782660722732544, 0.995705783367157, 0.9889543056488037, 0.9312876462936401, 0.7121620774269104], "26": [0.8762909770011902, 0.7524271607398987, 0.5342440605163574, 0.9622812867164612, 0.9889543056488037, 0.8624701499938965, 0.5798631906509399, 0.5209510922431946, 0.703943133354187, 0.6896458268165588], "27": [0.5829380750656128, 0.9312876462936401, 0.8624701499938965, 0.788853108882904, 0.9481725692749023, 0.9821736812591553, 0.8186898231506348, 0.5481159687042236, 0.784344494342804], "28": [0.719666600227356, 0.5798631906509399, 0.8192435503005981, 0.969776451587677, 0.9273087382316589, 0.9778280854225159, 0.6460555791854858, 0.9125168919563293, 0.8030804991722107], "29": [0.788853108882904, 0.8192435503005981, 0.9108430743217468, 0.8071935772895813, 0.7105996012687683, 0.6534927487373352], "30": [0.9764336347579956, 0.9481725692749023, 0.969776451587677, 0.9108430743217468, 0.6649256348609924, 0.7416712641716003, 0.7618451714515686, 0.873228907585144], "31": [0.742416501045227, 0.557188868522644, 0.8926212191581726, 0.7121620774269104, 0.9821736812591553, 0.9273087382316589, 0.8071935772895813, 0.6649256348609924, 0.8126609921455383, 0.5028218030929565, 0.9674590229988098, 0.6482753157615662, 0.7292088270187378, 0.7496557235717773, 0.5920428037643433, 0.6024535894393921], "32": [0.834175705909729, 0.9778280854225159, 0.7105996012687683, 0.5080559849739075, 0.5152841210365295, 0.6210039258003235, 0.8381553292274475, 0.5400665402412415], "33": [0.8555610179901123, 0.6460555791854858, 0.6534927487373352, 0.5080559849739075, 0.8482368588447571, 0.8302068710327148, 0.6974219679832458, 0.7440575957298279, 0.9812448024749756], "34": [0.5209510922431946, 0.8186898231506348, 0.8126609921455383, 0.8482368588447571, 0.6722455620765686, 0.7907817363739014, 0.6753873229026794], "35": [0.7764087915420532, 0.9125168919563293, 0.5152841210365295, 0.8752533793449402, 0.9048399329185486, 0.6715862154960632, 0.5638924837112427, 0.5744639039039612], "36": [0.6103407144546509, 0.7416712641716003, 0.6210039258003235, 0.8302068710327148, 0.8752533793449402, 0.5303464531898499, 0.88307124376297], "37": [0.5481159687042236, 0.5028218030929565, 0.6722455620765686, 0.9592241644859314, 0.6155462861061096, 0.5871945023536682], "38": [0.8030804991722107, 0.8381553292274475, 0.9048399329185486, 0.8736662864685059, 0.7727987766265869], "39": [0.5622206926345825, 0.7618451714515686, 0.6974219679832458, 0.6715862154960632, 0.9706968665122986, 0.9422639012336731], "40": [0.7273206114768982, 0.7740697860717773, 0.6947728991508484, 0.703943133354187, 0.784344494342804, 0.9674590229988098, 0.7440575957298279, 0.7907817363739014, 0.5303464531898499, 0.9592241644859314, 0.8736662864685059, 0.9706968665122986, 0.6996458768844604, 0.994002640247345, 0.9853874444961548, 0.8184305429458618, 0.8433344960212708, 0.7443197965621948, 0.8244848251342773, 0.6189066767692566], "41": [0.6129742860794067, 0.6913642883300781, 0.873228907585144, 0.6482753157615662, 0.9812448024749756, 0.5638924837112427, 0.88307124376297, 0.7727987766265869, 0.9422639012336731, 0.6996458768844604, 0.5284255146980286, 0.6906854510307312], "42": [0.6538081169128418, 0.7292088270187378, 0.6753873229026794, 0.6155462861061096, 0.994002640247345, 0.5284255146980286, 0.8371703028678894, 0.7436891794204712, 0.7349511981010437], "43": [0.6896458268165588, 0.7496557235717773, 0.5871945023536682, 0.9853874444961548, 0.9695358276367188, 0.6309442520141602, 0.5249944925308228],