{"0": {"faster_rcnn_scores": [0.6810537576675415, 0.8493590354919434, 0.7351940274238586, 0.7606797218322754, 0.5941773653030396], "siamese_scores": {"0": [], "1": [], "2": [], "3": [], "4": []}}, "1": {"faster_rcnn_scores": [-1.0, -1.0, 0.7861455678939819, 0.7861455678939819, -1.0, -1.0, 0.6995406746864319, -1.0, 0.5261980891227722, -1.0, 0.7951867580413818, -1.0, 0.9364662170410156, 0.6634014844894409, -1.0, 0.5721476674079895, -1.0, -1.0, 0.8552625775337219, -1.0, -1.0, 0.5229700207710266, -1.0, 0.5285953283309937], "siamese_scores": {"0": [0.9373891949653625, 0.707068681716919, 0.7007656693458557], "1": [0.9373891949653625, 0.7179936170578003, 0.7027527093887329], "2": [0.707068681716919, 0.7179936170578003, 0.9422165751457214, 0.669069230556488], "3": [0.7007656693458557, 0.7027527093887329, 0.9422165751457214, 0.6978078484535217, 0.9190012812614441, 0.558892011642456], "4": [0.669069230556488, 0.6978078484535217, 0.989012598991394, 0.7429568767547607, 0.9355544447898865], "5": [0.9190012812614441, 0.989012598991394, 0.5378507971763611, 0.949553370475769], "6": [0.7429568767547607, 0.9887840747833252, 0.8791210055351257, 0.6263907551765442], "7": [0.558892011642456, 0.5378507971763611, 0.9887840747833252, 0.9983242154121399], "8": [0.9355544447898865, 0.949553370475769, 0.8791210055351257, 0.9983242154121399, 0.9999862909317017, 0.9159815907478333, 0.9977598190307617], "9": [0.6263907551765442, 0.9999862909317017, 0.8387446403503418], "10": [0.9159815907478333, 0.8387446403503418, 0.9970442652702332], "11": [0.9977598190307617, 0.9970442652702332], "12": [0.5763479471206665], "13": [0.9961513876914978], "14": [0.5763479471206665, 0.9961513876914978, 0.5920241475105286], "15": [0.5920241475105286, 0.9977765679359436], "16": [0.9977765679359436], "17": [], "18": [0.5722301602363586], "19": [0.7291558980941772], "20": [0.5722301602363586, 0.7291558980941772, 0.5939021110534668], "21": [0.5939021110534668, 0.9977108240127563], "22": [0.9977108240127563], "23": []}}}