{"faster_rcnn_scores": [0.5007532238960266, -1.0, 0.5086551904678345, 0.5003640651702881, 0.5003640651702881, 0.7189330458641052, 0.6227787733078003, -1.0, 0.8521391749382019, 0.8214421272277832, 0.7260817289352417, 0.9505292773246765, 0.6856731176376343, 0.6071116328239441, 0.8825762867927551, 0.8945565223693848, 0.8383979201316833, -1.0, 0.5202335715293884, 0.5202335715293884, 0.9260051250457764, 0.6434052586555481, 0.6434052586555481, 0.6434052586555481, 0.6434052586555481, 0.6434052586555481, 0.6005650758743286, 0.6005650758743286, 0.6005650758743286, 0.6005650758743286, 0.7073038816452026, -1.0, 0.5313321948051453, 0.5313321948051453, 0.8482301831245422], "siamese_scores": {"0": [0.9927064776420593, 0.6228257417678833, 0.6532367467880249], "1": [0.9927064776420593, 0.996187150478363, 0.7540457248687744], "2": [0.996187150478363], "3": [0.6228257417678833, 0.5753538012504578, 0.5387178063392639], "4": [0.6532367467880249, 0.6611080169677734, 0.6003535389900208, 0.5017223954200745], "5": [0.7540457248687744, 0.6256431937217712, 0.995032548904419], "6": [0.6256431937217712, 0.9904364943504333], "7": [0.5753538012504578, 0.6611080169677734, 0.995032548904419, 0.9904364943504333, 0.5877255797386169, 0.7082663774490356, 0.5636698007583618, 0.6048749089241028], "8": [0.7484571933746338, 0.6578523516654968, 0.5776517987251282, 0.574213981628418], "9": [0.5387178063392639, 0.6003535389900208, 0.7484571933746338, 0.5980769991874695], "10": [0.5877255797386169], "11": [0.6578523516654968, 0.9850327968597412], "12": [0.5980769991874695, 0.9850327968597412, 0.7694017291069031], "13": [0.5017223954200745, 0.7694017291069031], "14": [0.5776517987251282, 0.7811874747276306], "15": [0.7082663774490356, 0.7811874747276306], "16": [0.574213981628418], "17": [0.9277418851852417, 0.7599284052848816, 0.9315439462661743, 0.9347906112670898, 0.7880769371986389, 0.8112092018127441, 0.751803457736969, 0.7656441330909729, 0.7955824732780457, 0.7672317624092102], "18": [0.5636698007583618, 0.9277418851852417], "19": [0.6048749089241028, 0.7599284052848816, 0.5275134444236755], "20": [0.999062716960907, 0.9954712390899658, 0.922476589679718, 0.8982211947441101, 0.7393890619277954, 0.6643092632293701, 0.6321296691894531], "21": [0.9315439462661743, 0.999062716960907, 0.698142409324646, 0.6534510850906372, 0.5457489490509033, 0.5589169859886169, 0.52150559425354, 0.7626549601554871], "22": [0.9347906112670898, 0.9954712390899658, 0.698142409324646, 0.7403945922851562, 0.6687600612640381, 0.6433671116828918, 0.5878889560699463, 0.6014114022254944, 0.5998918414115906, 0.8415887355804443], "23": [0.7880769371986389, 0.922476589679718, 0.6534510850906372, 0.7403945922851562, 0.5210509300231934, 0.7529994249343872], "24": [0.8112092018127441, 0.8982211947441101, 0.5457489490509033, 0.6687600612640381, 0.5210509300231934, 0.5225169062614441, 0.6374147534370422, 0.7519433498382568], "25": [0.751803457736969, 0.7393890619277954, 0.5589169859886169, 0.6433671116828918, 0.5225169062614441, 0.5391111969947815, 0.7471863031387329, 0.8091344833374023], "26": [0.7656441330909729, 0.6643092632293701, 0.52150559425354, 0.5878889560699463, 0.6184557676315308, 0.5151678323745728, 0.8790015578269958, 0.8278475403785706], "27": [0.7955824732780457, 0.6321296691894531, 0.6014114022254944, 0.5391111969947815, 0.6184557676315308, 0.5078748464584351, 0.9574751257896423, 0.8167411088943481], "28": [], "29": [0.7672317624092102, 0.5998918414115906, 0.5151678323745728, 0.5078748464584351, 0.9796287417411804, 0.8345768451690674], "30": [0.6374147534370422, 0.7471863031387329, 0.8790015578269958, 0.9574751257896423, 0.9796287417411804], "31": [0.7626549601554871, 0.8415887355804443, 0.7529994249343872, 0.7519433498382568, 0.8091344833374023, 0.8278475403785706, 0.8167411088943481, 0.8345768451690674, 0.9704614877700806, 0.8995369076728821], "32": [0.9704614877700806, 0.630664587020874, 0.9228228330612183], "33": [0.8995369076728821, 0.630664587020874, 0.982010543346405], "34": [0.5275134444236755, 0.9228228330612183, 0.982010543346405]}}