{"faster_rcnn_scores": [0.6861558556556702, 0.7558954954147339, -1.0, 0.7928265333175659, 0.7838337421417236, -1.0, -1.0, 0.9018806219100952, 0.899864137172699, 0.9237044453620911, 0.8887583613395691, 0.9464913606643677, 0.9547364711761475, 0.7645289897918701, -1.0, 0.862481951713562, 0.7827151417732239, 0.8993954062461853, 0.6978082656860352, 0.8810491561889648, 0.809206485748291, 0.7385557889938354, 0.9667010307312012, 0.8271418809890747, 0.7605800628662109, 0.7772323489189148, 0.7025482058525085, 0.5459749698638916, 0.8571739792823792, 0.7999812364578247, -1.0, -1.0, -1.0, 0.7932114601135254, 0.8051812052726746, 0.8594063520431519, -1.0, 0.8107149600982666, 0.729472815990448, 0.893378496170044, -1.0, 0.8104860186576843, -1.0, 0.6868623495101929, 0.6933890581130981, 0.6538994908332825, 0.9839797019958496, 0.863165557384491, 0.5383819937705994, 0.9602921605110168, 0.5413200855255127, 0.9446478486061096, 0.92838454246521, 0.6968860626220703, 0.9528955221176147, -1.0, 0.9596523642539978, 0.978997528553009, -1.0, 0.653165340423584, 0.9489026665687561, 0.9858318567276001, 0.7548282742500305, 0.8682920932769775], "siamese_scores": {"0": [0.5394776463508606, 0.5008848309516907], "1": [0.8609008193016052], "2": [0.5469386577606201, 0.5068874359130859], "3": [], "4": [0.5394776463508606, 0.9358507990837097], "5": [0.9358507990837097, 0.505162239074707, 0.9785240888595581, 0.7398589253425598, 0.6383218169212341], "6": [0.7041718363761902, 0.6386821269989014], "7": [0.505162239074707, 0.7693915367126465], "8": [0.8609008193016052, 0.9785240888595581, 0.7693915367126465, 0.6785336136817932, 0.9076541662216187, 0.5246328115463257], "9": [0.6785336136817932], "10": [0.7041718363761902], "11": [], "12": [0.6386821269989014], "13": [0.5008848309516907, 0.9861251711845398], "14": [0.9076541662216187, 0.9861251711845398], "15": [0.5583775043487549], "16": [0.5583775043487549, 0.6346498131752014], "17": [0.6346498131752014], "18": [0.8168860077857971], "19": [0.5246328115463257, 0.9780265688896179, 0.878345787525177, 0.7630921006202698, 0.5943561792373657], "20": [0.5469386577606201, 0.8168860077857971, 0.9780265688896179, 0.9909152388572693, 0.906814694404602, 0.9263065457344055, 0.7146695256233215, 0.748694658279419, 0.7255911231040955, 0.7381002306938171], "21": [0.9909152388572693], "22": [0.8845252990722656], "23": [0.7398589253425598, 0.878345787525177, 0.906814694404602, 0.8845252990722656, 0.967734694480896, 0.7635232210159302, 0.8075503706932068, 0.7891366481781006, 0.5212827324867249], "24": [0.9263065457344055, 0.967734694480896, 0.5362881422042847, 0.5429449677467346, 0.8103609681129456, 0.5752468705177307], "25": [0.7146695256233215, 0.7635232210159302, 0.5362881422042847], "26": [0.9121341705322266, 0.6499401926994324, 0.6916761994361877], "27": [0.6383218169212341, 0.7630921006202698, 0.748694658279419, 0.5429449677467346, 0.9121341705322266, 0.9890644550323486, 0.6360235214233398, 0.9217932224273682, 0.5627342462539673, 0.5344153642654419, 0.6291107535362244, 0.5945800542831421, 0.5645827651023865], "28": [0.5068874359130859, 0.7255911231040955, 0.8075503706932068, 0.8103609681129456, 0.9890644550323486, 0.9433931112289429, 0.7475394010543823, 0.5784712433815002, 0.5375063419342041], "29": [0.6360235214233398, 0.9433931112289429], "30": [0.5943561792373657, 0.7891366481781006, 0.9217932224273682, 0.5495074987411499], "31": [0.6499401926994324, 0.5627342462539673, 0.7352759838104248, 0.5813762545585632], "32": [0.6916761994361877, 0.5344153642654419, 0.7352759838104248, 0.621030330657959, 0.8885301947593689, 0.8027410507202148, 0.5152941346168518, 0.5984663367271423], "33": [0.5212827324867249, 0.6291107535362244, 0.621030330657959, 0.7030335068702698, 0.6736526489257812, 0.6622042059898376, 0.6201510429382324, 0.5953987240791321, 0.5600730776786804], "34": [0.7137260437011719, 0.7082173824310303, 0.6543389558792114, 0.5937154293060303], "35": [0.9055722951889038, 0.6205202341079712], "36": [0.9055722951889038, 0.6567602157592773], "37": [0.9042118787765503, 0.7353564500808716, 0.6795041561126709, 0.6258595585823059], "38": [0.5813762545585632, 0.8885301947593689, 0.5526543259620667], "39": [0.5945800542831421, 0.7722245454788208, 0.7408028244972229, 0.7022720575332642, 0.6827089190483093, 0.6538106203079224, 0.6244968771934509, 0.5959298014640808], "40": [0.7381002306938171, 0.5752468705177307, 0.7475394010543823, 0.7137260437011719, 0.9042118787765503, 0.7722245454788208, 0.8994269371032715, 0.7973562479019165, 0.9222906827926636, 0.7107909321784973, 0.8124359846115112, 0.621816873550415], "41": [0.6567602157592773, 0.8994269371032715, 0.9204782247543335], "42": [0.6205202341079712, 0.9204782247543335], "43": [0.8027410507202148, 0.6153664588928223, 0.6859334111213684, 0.5828418731689453], "44": [0.5645827651023865, 0.5235244631767273, 0.808106005191803, 0.7475535869598389, 0.7086220383644104, 0.681122899055481, 0.6578638553619385, 0.6249249577522278], "45": [0.7973562479019165, 0.8449264168739319, 0.6106050610542297, 0.784435510635376, 0.7352677583694458], "46": [0.5784712433815002, 0.7082173824310303, 0.7353564500808716, 0.9222906827926636, 0.5235244631767273, 0.8449264168739319, 0.775577962398529], "47": [0.5495074987411499, 0.5152941346168518, 0.7030335068702698, 0.7408028244972229, 0.7107909321784973, 0.808106005191803, 0.6106050610542297, 0.9094141721725464], "48": [0.5984663367271423, 0.775577962398529, 0.9094141721725464, 0.6693889498710632, 0.6966007947921753, 0.6515606641769409], "49": [0.5375063419342041, 0.6543389558792114, 0.6795041561126709, 0.8124359846115112, 0.784435510635376, 0.603072464466095, 0.5250406265258789], "50": [0.603072464466095, 0.774601936340332, 0.6902433037757874, 0.7540600895881653, 0.652818500995636], "51": [0.6736526489257812, 0.7022720575332642, 0.7475535869598389, 0.774601936340332], "52": [0.5937154293060303, 0.6258595585823059, 0.621816873550415, 0.7352677583694458, 0.5250406265258789, 0.6639195680618286], "53": [0.7324835062026978, 0.8018231987953186, 0.8672231435775757, 0.7296413779258728], "54": [0.6622042059898376, 0.6827089190483093, 0.7086220383644104, 0.7324835062026978, 0.8268905878067017, 0.7895185947418213], "55": [0.6153664588928223, 0.6693889498710632, 0.6902433037757874, 0.8018231987953186, 0.8268905878067017, 0.9828402996063232, 0.8591925501823425, 0.5482046604156494, 0.9418407082557678, 0.595008134841919], "56": [0.6201510429382324, 0.6538106203079224, 0.681122899055481, 0.9828402996063232, 0.9507466554641724], "57": [0.5953987240791321, 0.6244968771934509, 0.6578638553619385, 0.8591925501823425, 0.9947746396064758], "58": [0.5526543259620667, 0.6859334111213684, 0.6966007947921753, 0.7540600895881653, 0.6639195680618286, 0.8672231435775757, 0.7895185947418213, 0.5482046604156494, 0.9507466554641724, 0.9947746396064758, 0.9824322462081909, 0.9454894065856934], "59": [0.5828418731689453, 0.6515606641769409, 0.652818500995636, 0.7296413779258728, 0.9418407082557678, 0.9824322462081909, 0.6381398439407349], "60": [0.5600730776786804, 0.5959298014640808, 0.6249249577522278, 0.595008134841919, 0.9454894065856934], "61": [], "62": [], "63": [0.6381398439407349]}}