{"label": {"acc": 0.6724137931034483, "precision": 0.7839080459770116, "recall": 0.6724137931034483, "f_score": 0.670576454197144}, "linking": {"acc": 0.019642857142857142, "precision": 0.022222222222222223, "recall": 0.14473684210526316, "f_score": 0.03852889667250438}}