{"faster_rcnn_scores": [0.5111976265907288, 0.6660200357437134, 0.7976207733154297, 0.8056013584136963, 0.7559722661972046, 0.7559722661972046, 0.7950549125671387, 0.5721004009246826, -1.0, 0.9149128198623657, -1.0, 0.910633385181427, 0.8282297849655151, 0.672795295715332, 0.7476457953453064, 0.928417444229126, 0.7446867227554321, 0.9547557234764099, 0.608911395072937, 0.8075718283653259, 0.9015465974807739, 0.946648359298706, 0.687353253364563, 0.7985608577728271, 0.585317075252533, 0.8306906819343567, 0.6690776944160461, 0.8402235507965088, 0.8088144659996033, 0.7464039921760559, 0.8302993178367615, 0.6360200047492981, 0.6353811621665955, 0.5508327484130859, 0.893695056438446, 0.6825205087661743, 0.5547849535942078], "siamese_scores": {"0": [0.9655223488807678, 0.5179422497749329, 0.7165316343307495, 0.8328381180763245, 0.8576860427856445], "1": [0.9798191785812378, 0.9338107705116272, 0.6213088035583496], "2": [0.95256108045578, 0.9471203684806824, 0.5995820164680481, 0.5252342224121094], "3": [0.5273386836051941], "4": [0.9655223488807678, 0.9798191785812378, 0.95256108045578, 0.5273386836051941, 0.542231023311615, 0.9078793525695801, 0.6432752013206482, 0.9909076690673828, 0.9781509637832642, 0.7573737502098083, 0.8291113376617432], "5": [0.5179422497749329, 0.9338107705116272, 0.9471203684806824, 0.542231023311615, 0.6778289079666138, 0.99037104845047, 0.9816338419914246, 0.7504612803459167, 0.608410656452179, 0.8926059603691101], "6": [0.9078793525695801, 0.6778289079666138, 0.9845191240310669, 0.9806928038597107, 0.8384246230125427, 0.6569957137107849, 0.7466534972190857], "7": [0.7165316343307495, 0.6213088035583496, 0.6432752013206482, 0.9845191240310669, 0.9923381209373474, 0.888403594493866, 0.5582127571105957, 0.5301832556724548], "8": [0.9909076690673828, 0.99037104845047, 0.9806928038597107, 0.9923381209373474, 0.9608519077301025, 0.5466845631599426, 0.9542322754859924, 0.5553821325302124, 0.5499366521835327, 0.8127673864364624, 0.65736323595047, 0.6746634840965271], "9": [0.8328381180763245, 0.8384246230125427, 0.9608519077301025, 0.9895065426826477, 0.7558133602142334, 0.5231619477272034], "10": [0.9781509637832642, 0.9816338419914246, 0.6569957137107849, 0.888403594493866, 0.9895065426826477, 0.7764503955841064, 0.9775499105453491, 0.6251822710037231, 0.6655936241149902, 0.8275236487388611, 0.6913796067237854, 0.7538896203041077], "11": [0.8576860427856445, 0.7466534972190857, 0.5466845631599426, 0.7764503955841064, 0.5747591257095337, 0.7852561473846436, 0.7531900405883789], "12": [0.5995820164680481, 0.9542322754859924, 0.9775499105453491, 0.5747591257095337, 0.8999373912811279, 0.7931318879127502, 0.8284983038902283], "13": [0.5582127571105957, 0.7558133602142334, 0.7852561473846436, 0.6649820804595947, 0.5625050663948059], "14": [0.7573737502098083, 0.7504612803459167, 0.5553821325302124, 0.6251822710037231, 0.8999373912811279, 0.6649820804595947, 0.7437795400619507, 0.7998373508453369, 0.6624814867973328], "15": [0.5252342224121094, 0.608410656452179, 0.5499366521835327, 0.6655936241149902, 0.7931318879127502, 0.7437795400619507, 0.7007440328598022, 0.581592857837677], "16": [0.7007440328598022, 0.5044005513191223, 0.5556304454803467], "17": [0.5044005513191223], "18": [0.8291113376617432, 0.8926059603691101, 0.5301832556724548, 0.8127673864364624, 0.8275236487388611, 0.7531900405883789, 0.8284983038902283, 0.5625050663948059, 0.7998373508453369, 0.581592857837677, 0.5556304454803467, 0.725247323513031, 0.6990041732788086], "19": [], "20": [0.5231619477272034, 0.6807098984718323, 0.9797731637954712, 0.9106890559196472, 0.6979503631591797], "21": [0.65736323595047, 0.6913796067237854, 0.725247323513031, 0.6807098984718323, 0.9189214706420898], "22": [0.6746634840965271, 0.7538896203041077, 0.6624814867973328, 0.6990041732788086, 0.9797731637954712, 0.9189214706420898], "23": [0.9106890559196472], "24": [0.6979503631591797], "25": [0.5609350800514221], "26": [0.5609350800514221, 0.614884614944458], "27": [0.614884614944458, 0.9687746167182922, 0.8096618056297302, 0.744670569896698, 0.692523181438446], "28": [0.9687746167182922, 0.8233424425125122], "29": [0.8096618056297302, 0.8233424425125122], "30": [0.744670569896698, 0.8445037007331848, 0.5385449528694153], "31": [0.692523181438446, 0.8445037007331848], "32": [0.6946212649345398], "33": [0.5385449528694153, 0.6946212649345398], "34": [], "35": [0.5782791972160339], "36": [0.5782791972160339]}}