{"faster_rcnn_scores": [0.8522439002990723, 0.8522439002990723, 0.6103204488754272, 0.5597816705703735, 0.8625869154930115, 0.6858516931533813, 0.712700366973877, -1.0, 0.8874498605728149, 0.6264441013336182, 0.7639959454536438, 0.9647603034973145, 0.7142475843429565, 0.8686735033988953, 0.9601529836654663, 0.9571766257286072, 0.9729474782943726, 0.536038875579834, 0.6683036088943481, 0.7259722352027893, 0.9435974955558777, 0.8089123368263245, 0.8228843212127686, 0.7308003902435303, 0.6210823655128479, 0.7157489061355591, 0.5178351402282715, 0.6026505827903748, 0.840395450592041, 0.6363753080368042, 0.6497877836227417, 0.6075183153152466, 0.8087550401687622, 0.5429741144180298, 0.9769103527069092, 0.6946604251861572, 0.7040070295333862, 0.7369993329048157, 0.6210854053497314, 0.6311710476875305], "siamese_scores": {"0": [0.5321159958839417, 0.9540557861328125, 0.8864744901657104, 0.8838565945625305, 0.977225124835968, 0.8403472304344177, 0.790760338306427, 0.6447241306304932], "1": [0.5321159958839417, 0.9714763760566711, 0.727775514125824, 0.9796137809753418, 0.9017409086227417, 0.6722021102905273, 0.6358595490455627], "2": [0.9540557861328125, 0.9714763760566711, 0.984865665435791, 0.5797730088233948, 0.7450981140136719, 0.8677453398704529, 0.8801299333572388, 0.6042285561561584, 0.7361701726913452], "3": [0.984865665435791, 0.9431188106536865, 0.7312185168266296], "4": [0.8864744901657104, 0.5797730088233948, 0.7163606882095337, 0.8609052896499634, 0.796990156173706], "5": [0.8838565945625305, 0.727775514125824, 0.7450981140136719, 0.7163606882095337, 0.7079106569290161, 0.85213303565979, 0.8925018310546875], "6": [0.8677453398704529, 0.9981870055198669, 0.7437695264816284, 0.6555881500244141, 0.6174706816673279], "7": [0.977225124835968, 0.9796137809753418, 0.8801299333572388, 0.9431188106536865, 0.7079106569290161, 0.9981870055198669, 0.9876393675804138, 0.8500490784645081, 0.972439706325531, 0.7757851481437683, 0.7116121053695679, 0.5469154715538025, 0.8576065301895142, 0.6307690739631653, 0.7118821144104004], "8": [0.8609052896499634, 0.85213303565979, 0.9876393675804138, 0.760516345500946, 0.711588442325592, 0.6711642742156982, 0.5521242618560791], "9": [0.8403472304344177, 0.9017409086227417, 0.7437695264816284, 0.8500490784645081, 0.977763295173645, 0.7147471904754639, 0.7375837564468384], "10": [0.6042285561561584, 0.972439706325531, 0.977763295173645, 0.6518896818161011, 0.8641929626464844], "11": [0.796990156173706, 0.8925018310546875, 0.7757851481437683, 0.7147471904754639, 0.827918529510498, 0.6477778553962708, 0.6842644810676575, 0.5862115025520325], "12": [0.760516345500946, 0.827918529510498, 0.5487655997276306], "13": [0.790760338306427, 0.6722021102905273, 0.7116121053695679, 0.5021243095397949, 0.5607808232307434, 0.5128697156906128], "14": [0.6358595490455627, 0.6555881500244141, 0.5469154715538025, 0.6518896818161011, 0.5021243095397949, 0.5487449169158936, 0.5447806119918823, 0.5138519406318665], "15": [0.7312185168266296, 0.6174706816673279, 0.8641929626464844, 0.5487449169158936, 0.5957230925559998, 0.7561425566673279], "16": [0.5957230925559998], "17": [0.7561425566673279, 0.9395090937614441], "18": [0.7361701726913452, 0.8576065301895142, 0.7375837564468384, 0.5607808232307434, 0.5447806119918823, 0.9723262786865234], "19": [0.6447241306304932, 0.711588442325592, 0.6477778553962708, 0.5487655997276306, 0.9395090937614441, 0.9723262786865234, 0.5848195552825928, 0.7410352826118469, 0.6364849209785461, 0.5330851078033447], "20": [0.6307690739631653, 0.5138519406318665, 0.9179839491844177, 0.9166274666786194], "21": [0.6711642742156982, 0.6842644810676575, 0.5848195552825928, 0.9179839491844177, 0.9692203402519226, 0.5024474263191223, 0.8299389481544495], "22": [0.7118821144104004, 0.5128697156906128, 0.7410352826118469, 0.9166274666786194, 0.9692203402519226], "23": [0.5521242618560791, 0.5862115025520325, 0.6364849209785461, 0.5024474263191223, 0.9729576110839844, 0.8112462162971497, 0.626562774181366], "24": [0.5330851078033447, 0.8299389481544495, 0.9729576110839844, 0.5189841985702515], "25": [0.8112462162971497, 0.5189841985702515], "26": [], "27": [0.6811798810958862, 0.6127756834030151], "28": [0.626562774181366, 0.6811798810958862, 0.8630880117416382], "29": [0.6127756834030151, 0.8630880117416382, 0.9690338373184204], "30": [0.9690338373184204], "31": [0.9157550930976868, 0.7347795963287354], "32": [0.9157550930976868, 0.8038815855979919], "33": [0.7347795963287354, 0.8038815855979919, 0.5021440982818604, 0.5835968852043152], "34": [0.5493072867393494], "35": [0.5021440982818604, 0.9006693959236145, 0.8020781874656677], "36": [0.5493072867393494, 0.9006693959236145, 0.9159150123596191], "37": [0.8020781874656677, 0.9714932441711426], "38": [0.5835968852043152, 0.9159150123596191, 0.9714932441711426], "39": []}}