{"label": {"acc": 0.5909090909090909, "precision": 0.6346673080006414, "recall": 0.5909090909090909, "f_score": 0.5995392692596164}, "linking": {"acc": 0.014223194748358862, "precision": 0.015240328253223915, "recall": 0.17567567567567569, "f_score": 0.02804746494066882}}