{"label": {"acc": 0.7941176470588235, "precision": 0.8040039545229857, "recall": 0.7941176470588235, "f_score": 0.7960030165912518}, "linking": {"acc": 0.04398826979472141, "precision": 0.04643962848297214, "recall": 0.45454545454545453, "f_score": 0.08426966292134831}}