{"label": {"acc": 0.725, "precision": 0.7863636363636364, "recall": 0.725, "f_score": 0.7377777777777779}, "linking": {"acc": 0.02247191011235955, "precision": 0.02608695652173913, "recall": 0.13953488372093023, "f_score": 0.04395604395604396}}