{"faster_rcnn_scores": [-1.0, 0.8069037199020386, -1.0, 0.9363052845001221, 0.9181675314903259, 0.9518640041351318, 0.9571948647499084, 0.8986003994941711, 0.8997156023979187, 0.9218437671661377, 0.5577865242958069, 0.7268849611282349, 0.9433294534683228, 0.5482184886932373, 0.9483633041381836, 0.9128836989402771, 0.5621562600135803, 0.905876636505127, 0.9503944516181946, 0.8772351145744324, 0.9038233757019043, 0.9450534582138062, 0.911264181137085, 0.9612741470336914, 0.5968825221061707, -1.0, -1.0, 0.7787537574768066, 0.585378885269165, 0.7906451225280762, -1.0, 0.5970891118049622, -1.0, 0.7980687022209167, 0.6996645331382751, 0.6057977676391602, -1.0, 0.6894180178642273, 0.7199097275733948, 0.6687242984771729, 0.9697505831718445, 0.8324963450431824, 0.9599863886833191], "siamese_scores": {"0": [0.5073639154434204, 0.7018375992774963, 0.6540464758872986], "1": [0.9490611553192139], "2": [0.9490611553192139, 0.9671376943588257, 0.6503459215164185, 0.7808132171630859, 0.5072687268257141], "3": [0.8649799823760986, 0.5468443632125854], "4": [0.9671376943588257, 0.8649799823760986, 0.6711569428443909], "5": [0.5073639154434204, 0.6711569428443909], "6": [0.7018375992774963], "7": [], "8": [0.6540464758872986], "9": [0.9940813183784485], "10": [0.6503459215164185, 0.5468443632125854, 0.9940813183784485, 0.5588594675064087], "11": [0.7808132171630859, 0.5588594675064087], "12": [0.9778516292572021], "13": [0.9778516292572021, 0.9801658391952515, 0.9023262858390808, 0.6207156181335449, 0.5038963556289673, 0.796400249004364, 0.7901636362075806], "14": [0.9801658391952515], "15": [0.9023262858390808, 0.9001518487930298], "16": [0.5072687268257141, 0.9001518487930298, 0.9498749375343323, 0.8079795837402344], "17": [0.9498749375343323], "18": [0.6207156181335449, 0.5379584431648254], "19": [0.8079795837402344, 0.5806297659873962], "20": [], "21": [0.5038963556289673, 0.5801074504852295, 0.5951315760612488], "22": [0.5285069346427917], "23": [], "24": [0.5806297659873962, 0.9744565486907959, 0.9715290069580078], "25": [0.796400249004364, 0.5801074504852295, 0.9744565486907959, 0.6971548199653625, 0.5212207436561584], "26": [0.7901636362075806, 0.9715290069580078, 0.6971548199653625, 0.5965492129325867, 0.5125649571418762, 0.6204164624214172, 0.6283230781555176], "27": [0.5965492129325867, 0.6896822452545166], "28": [0.80756014585495, 0.670270562171936, 0.5564765334129333], "29": [0.9292374849319458, 0.5018491148948669, 0.5229310989379883, 0.6989734172821045], "30": [0.9292374849319458, 0.7376839518547058, 0.6362987756729126, 0.9613806009292603], "31": [0.9182778596878052, 0.8271257877349854, 0.9028417468070984, 0.8021296858787537], "32": [0.5285069346427917, 0.80756014585495, 0.9182778596878052, 0.9940189123153687, 0.6691789627075195, 0.8620912432670593, 0.5643022656440735, 0.9018051624298096, 0.9289340376853943], "33": [0.670270562171936, 0.5018491148948669, 0.7376839518547058, 0.8271257877349854, 0.9940189123153687, 0.923323392868042, 0.8772882223129272], "34": [0.5229310989379883, 0.6362987756729126, 0.6691789627075195, 0.923323392868042, 0.9219248294830322], "35": [0.6989734172821045, 0.9613806009292603, 0.8620912432670593, 0.9219248294830322], "36": [0.5379584431648254, 0.5951315760612488, 0.5125649571418762, 0.9028417468070984, 0.8772882223129272, 0.9692528247833252, 0.8738261461257935, 0.6053907871246338], "37": [0.5212207436561584, 0.6204164624214172, 0.5643022656440735, 0.9692528247833252, 0.9914153218269348, 0.9570541381835938], "38": [0.6283230781555176, 0.6896822452545166, 0.8021296858787537, 0.9018051624298096, 0.8738261461257935, 0.9914153218269348], "39": [0.5564765334129333, 0.9289340376853943, 0.6053907871246338, 0.9570541381835938], "40": [], "41": [], "42": []}}