{"faster_rcnn_scores": [-1.0, 0.5922797322273254, 0.6452743411064148, 0.9009987115859985, 0.911638617515564, 0.8928670883178711, 0.8008983135223389, 0.8302617073059082, 0.8545052409172058, 0.6470474004745483, 0.6581505537033081, 0.8873738050460815, 0.7495244145393372, 0.868206262588501, 0.8960093259811401, 0.9050213694572449, 0.569526731967926, 0.932659387588501, 0.9421882033348083, 0.9421882033348083, 0.6688926219940186, 0.9518653154373169, -1.0, 0.6035858988761902, 0.6841678023338318, -1.0, 0.680290699005127, 0.860016405582428, 0.6771239042282104, 0.5673050284385681, -1.0, 0.5845359563827515, 0.5160387754440308, 0.6313658952713013, -1.0, 0.5724435448646545, 0.7452226281166077, -1.0, 0.8881946802139282, 0.8581382036209106, 0.9508556127548218, 0.598720371723175, 0.6949523687362671, 0.9058682322502136, 0.9722436666488647, -1.0, -1.0, 0.6254240870475769, 0.7946784496307373, 0.5290477275848389, -1.0, 0.5438323020935059, 0.8065371513366699, 0.6877347230911255, -1.0, -1.0, 0.8225892186164856, 0.6092728972434998, 0.9577457904815674, 0.5517063736915588, 0.9837678074836731, -1.0, 0.9871057271957397, 0.9798197150230408, 0.6339388489723206, 0.6476770639419556, 0.5231210589408875, 0.6300069093704224, 0.9286287426948547, 0.9846625328063965], "siamese_scores": {"0": [0.9974669218063354, 0.9958578944206238, 0.7557522654533386, 0.9560152888298035, 0.6928647756576538, 0.5237019658088684, 0.8033720850944519], "1": [0.9974669218063354, 0.5369742512702942, 0.7586108446121216], "2": [0.9958578944206238, 0.5654634833335876, 0.9848900437355042, 0.8431847095489502, 0.9722565412521362, 0.9197424054145813, 0.939821720123291, 0.5422758460044861], "3": [0.7557522654533386, 0.5369742512702942, 0.9731320142745972, 0.5673150420188904], "4": [0.9560152888298035, 0.7586108446121216, 0.5654634833335876, 0.9731320142745972, 0.9276498556137085, 0.6902860403060913, 0.517914354801178, 0.56699138879776], "5": [0.9848900437355042, 0.9276498556137085, 0.9250490069389343], "6": [0.8431847095489502, 0.9250490069389343, 0.9193466305732727, 0.5329549312591553, 0.563369870185852], "7": [0.9722565412521362, 0.6902860403060913, 0.9193466305732727], "8": [0.9197424054145813, 0.5329549312591553, 0.5331579446792603], "9": [0.939821720123291, 0.563369870185852], "10": [0.5331579446792603, 0.9660819172859192], "11": [0.6928647756576538, 0.517914354801178, 0.9660819172859192, 0.5089226365089417, 0.5810693502426147, 0.9110661745071411], "12": [0.5089226365089417, 0.5016540288925171], "13": [0.9438055753707886, 0.9831827878952026, 0.575995683670044], "14": [0.5237019658088684, 0.9914181232452393, 0.9950719475746155, 0.5792468786239624], "15": [0.5810693502426147, 0.9438055753707886, 0.9914181232452393, 0.915458083152771], "16": [0.8033720850944519, 0.5673150420188904, 0.9110661745071411, 0.9831827878952026, 0.9950719475746155, 0.915458083152771, 0.9670120477676392, 0.5470649003982544, 0.8414214253425598, 0.9222032427787781, 0.9526335597038269, 0.6191474199295044, 0.9178302884101868, 0.591579020023346, 0.8298852443695068, 0.6856089234352112, 0.6398951411247253], "17": [0.9670120477676392, 0.991669774055481, 0.9076296091079712, 0.612977921962738], "18": [0.5792468786239624, 0.5470649003982544, 0.991669774055481, 0.6609878540039062], "19": [0.8414214253425598, 0.9076296091079712, 0.63825923204422, 0.8419492244720459, 0.9336230754852295, 0.6910420656204224], "20": [0.9222032427787781, 0.63825923204422, 0.8515868186950684, 0.9067810773849487, 0.8025670051574707], "21": [0.8515868186950684, 0.9868872761726379], "22": [0.575995683670044, 0.9526335597038269, 0.612977921962738, 0.6609878540039062, 0.8419492244720459, 0.9067810773849487, 0.9868872761726379, 0.8982729315757751, 0.6360695958137512, 0.5566973090171814, 0.5803341269493103, 0.5467300415039062], "23": [0.6191474199295044, 0.9125098586082458, 0.7585573196411133], "24": [0.8982729315757751, 0.9125098586082458, 0.9961609840393066, 0.7019034624099731, 0.650153398513794, 0.7459434270858765, 0.684016227722168], "25": [0.9178302884101868, 0.9336230754852295, 0.8025670051574707, 0.7585573196411133, 0.9961609840393066, 0.8138066530227661, 0.8961825966835022, 0.5329762697219849, 0.6642326712608337, 0.6638134717941284, 0.6569340825080872, 0.669081449508667], "26": [0.8138066530227661, 0.851904571056366, 0.5171887874603271, 0.5694167613983154, 0.526360273361206, 0.5058957934379578], "27": [0.5422758460044861, 0.673664927482605, 0.6929879784584045, 0.9303684830665588], "28": [0.591579020023346, 0.6360695958137512, 0.7019034624099731, 0.8961825966835022, 0.6449961066246033, 0.9105116128921509, 0.7690424919128418], "29": [0.5329762697219849, 0.6449961066246033, 0.9828274250030518, 0.9129994511604309, 0.8238893151283264, 0.6745553612709045, 0.6783195734024048, 0.6212668418884277], "30": [0.5016540288925171, 0.851904571056366, 0.673664927482605, 0.9105116128921509, 0.9828274250030518, 0.9974403381347656, 0.9702418446540833, 0.9352851510047913, 0.84345942735672, 0.9260548949241638, 0.8360750675201416, 0.9070318341255188, 0.6580287218093872, 0.6444469094276428, 0.5782563090324402], "31": [0.6642326712608337, 0.5171887874603271, 0.6929879784584045, 0.9129994511604309, 0.9974403381347656], "32": [0.9303684830665588, 0.8238893151283264, 0.9702418446540833], "33": [0.5566973090171814, 0.6638134717941284, 0.8853289484977722], "34": [0.8298852443695068, 0.650153398513794, 0.7690424919128418, 0.8853289484977722, 0.8531500101089478, 0.7868556380271912, 0.6014453768730164, 0.605579674243927, 0.6322509050369263, 0.7676207423210144, 0.6075020432472229, 0.5969603657722473, 0.7506469488143921], "35": [0.5803341269493103, 0.6569340825080872, 0.8531500101089478, 0.6142486929893494, 0.633200466632843, 0.5041746497154236], "36": [0.7868556380271912, 0.6142486929893494, 0.9589887261390686, 0.9077640771865845, 0.6247569918632507, 0.5602664351463318, 0.529729425907135, 0.5192788243293762, 0.5570945143699646], "37": [0.56699138879776, 0.5694167613983154, 0.6745553612709045, 0.633200466632843, 0.9589887261390686, 0.9927444458007812, 0.966790497303009, 0.9337946772575378, 0.9466999769210815, 0.8406352400779724], "38": [0.9352851510047913, 0.9077640771865845, 0.9927444458007812, 0.808440089225769], "39": [0.526360273361206, 0.6783195734024048, 0.84345942735672, 0.6014453768730164, 0.6247569918632507, 0.966790497303009, 0.8174448609352112, 0.6905032992362976, 0.8338235020637512], "40": [0.9260548949241638, 0.9337946772575378, 0.5111530423164368, 0.8392228484153748], "41": [0.605579674243927, 0.5602664351463318, 0.8174448609352112, 0.5111530423164368, 0.5587619543075562], "42": [0.6322509050369263, 0.529729425907135, 0.8318880796432495, 0.6747972965240479, 0.5762043595314026, 0.5408289432525635, 0.6083366870880127], "43": [0.5058957934379578, 0.6212668418884277, 0.8360750675201416, 0.9466999769210815, 0.8318880796432495, 0.507390022277832, 0.5455688834190369, 0.7690197229385376, 0.8312855362892151], "44": [0.9070318341255188, 0.8406352400779724, 0.6747972965240479, 0.8627936840057373], "45": [0.6856089234352112, 0.7459434270858765, 0.5762043595314026, 0.507390022277832, 0.7763126492500305, 0.939431369304657, 0.6371741890907288], "46": [0.6398951411247253, 0.6910420656204224, 0.684016227722168, 0.5041746497154236, 0.5455688834190369, 0.7763126492500305, 0.7693209648132324, 0.695737361907959, 0.9890555143356323, 0.7413498163223267, 0.6878296732902527, 0.676474928855896, 0.5152712464332581], "47": [0.7693209648132324, 0.8828607201576233, 0.6455880999565125, 0.6777731776237488, 0.8038995265960693], "48": [0.5799453854560852, 0.7542747259140015, 0.5021331310272217, 0.6598805785179138], "49": [0.5770622491836548, 0.8223075866699219], "50": [0.808440089225769, 0.6905032992362976, 0.8392228484153748, 0.7690197229385376, 0.8627936840057373, 0.8828607201576233, 0.5799453854560852, 0.9970651268959045, 0.8569332361221313, 0.9936726093292236, 0.7791624069213867, 0.9547941088676453, 0.9381495714187622, 0.9283893704414368],