{"faster_rcnn_scores": [0.5408853888511658, 0.7749723792076111, 0.6963552832603455, 0.9222782850265503, 0.6201716065406799, 0.7617979049682617, 0.6148173213005066, 0.9040293097496033, 0.6135900616645813, 0.9609302878379822, 0.9717913866043091, 0.5166996717453003, 0.9576906561851501, 0.5554994940757751, 0.9130204319953918, 0.7242497205734253, 0.8095442652702332, 0.7242497205734253, 0.7242497205734253, 0.7242497205734253, 0.6779220700263977, 0.6218411326408386, 0.6312342286109924, 0.8769491314888, 0.8073426485061646, 0.9830214977264404, 0.990951657295227], "siamese_scores": {"0": [0.7291406393051147], "1": [0.9877127408981323], "2": [0.7291406393051147, 0.9877127408981323, 0.8443273305892944, 0.8111201524734497, 0.6359356641769409], "3": [0.8443273305892944, 0.7015787959098816], "4": [0.8111201524734497, 0.7015787959098816, 0.604724109172821], "5": [0.5426831245422363], "6": [0.6080724000930786, 0.7751230597496033, 0.5496366024017334, 0.5801340341567993, 0.5904222130775452], "7": [0.5426831245422363, 0.6080724000930786, 0.5175968408584595], "8": [0.7751230597496033, 0.9217943549156189, 0.6448932886123657, 0.778853714466095, 0.7176607847213745, 0.7612777352333069, 0.8646935820579529, 0.768140435218811, 0.7794091701507568, 0.5857585072517395], "9": [0.9217943549156189, 0.6220120787620544], "10": [0.5175968408584595, 0.6448932886123657, 0.6220120787620544, 0.7419300079345703, 0.6247121691703796, 0.5048016309738159], "11": [0.778853714466095, 0.7419300079345703, 0.6940003037452698], "12": [0.6247121691703796, 0.5752970576286316], "13": [0.7176607847213745, 0.8582876920700073, 0.6232509613037109, 0.507291853427887], "14": [0.5048016309738159, 0.9696085453033447, 0.5213510990142822], "15": [0.6359356641769409, 0.604724109172821, 0.7612777352333069, 0.5752970576286316, 0.8582876920700073, 0.9696085453033447, 0.9840356707572937, 0.7440851926803589, 0.7189805507659912], "16": [0.5213510990142822, 0.9840356707572937, 0.7140190601348877, 0.5305887460708618], "17": [0.5496366024017334, 0.8646935820579529, 0.6940003037452698, 0.6232509613037109, 0.7440851926803589, 0.7140190601348877, 0.5240141153335571, 0.7245604991912842], "18": [0.5801340341567993, 0.768140435218811, 0.5305887460708618, 0.5240141153335571, 0.5150357484817505, 0.7819938063621521], "19": [0.5904222130775452, 0.7794091701507568, 0.507291853427887, 0.5150357484817505, 0.9319883584976196], "20": [0.5857585072517395, 0.7189805507659912, 0.7245604991912842, 0.7819938063621521, 0.9319883584976196], "21": [0.5178243517875671], "22": [0.5178243517875671], "23": [0.5088114738464355], "24": [0.5088114738464355], "25": [], "26": []}}