{"faster_rcnn_scores": [0.5790205001831055, 0.5259600877761841, 0.8852072358131409, 0.5532317757606506, 0.6388344764709473, 0.6388344764709473, 0.5651563405990601, 0.9031679034233093, 0.7735130786895752, 0.7697151899337769, 0.9470611214637756, 0.7079403400421143, 0.5606865286827087, 0.9211788177490234, 0.962988018989563, -1.0, 0.9187057018280029, 0.6023163199424744, 0.8833990693092346, 0.9188541173934937, 0.6339555978775024, 0.9664154648780823, 0.6764571666717529, 0.6764571666717529, 0.6764571666717529, 0.7641162276268005, -1.0, 0.9842286109924316, 0.8330599665641785, 0.8330599665641785, 0.8330599665641785, 0.8330599665641785, 0.8330599665641785, 0.7036887407302856, -1.0, 0.6609767079353333, 0.5164304375648499], "siamese_scores": {"0": [], "1": [0.7519961595535278, 0.6756082773208618], "2": [0.7519961595535278, 0.8038589954376221, 0.6576357483863831, 0.5882423520088196], "3": [0.8026496767997742], "4": [0.5810685753822327], "5": [0.6756082773208618, 0.5712705850601196, 0.7922596335411072, 0.7541619539260864, 0.6824991106987], "6": [0.8038589954376221, 0.8026496767997742, 0.5810685753822327, 0.5712705850601196, 0.8558499217033386, 0.5380457043647766, 0.9372264742851257, 0.8054370284080505, 0.694805383682251, 0.6545963883399963, 0.5115264058113098], "7": [0.6576357483863831, 0.9624753594398499, 0.8189223408699036], "8": [0.7922596335411072, 0.8392872214317322, 0.5265714526176453], "9": [0.8558499217033386, 0.9624753594398499, 0.8392872214317322, 0.7650571465492249, 0.7148507833480835, 0.5617451071739197, 0.6846056580543518], "10": [0.7541619539260864, 0.6332353353500366, 0.5001988410949707], "11": [0.5380457043647766, 0.7650571465492249, 0.9172205924987793, 0.5550390481948853], "12": [0.7148507833480835, 0.8483875393867493, 0.948525071144104, 0.585088849067688], "13": [0.5882423520088196, 0.5617451071739197, 0.8483875393867493, 0.9811573624610901, 0.6353150010108948, 0.5171706080436707, 0.6697595119476318], "14": [0.6824991106987, 0.6258627772331238, 0.7756086587905884, 0.5274289846420288], "15": [0.9372264742851257, 0.8189223408699036, 0.6846056580543518, 0.9172205924987793, 0.948525071144104, 0.9811573624610901, 0.6258627772331238, 0.9942439198493958, 0.8124781847000122, 0.6642585396766663, 0.6222726106643677, 0.5033361315727234], "16": [0.9942439198493958, 0.9288017749786377, 0.5567565560340881, 0.5054731965065002, 0.6438919901847839, 0.5878068804740906, 0.701655924320221], "17": [0.5265714526176453, 0.6332353353500366, 0.7756086587905884, 0.8124781847000122, 0.9288017749786377], "18": [0.8054370284080505, 0.6353150010108948, 0.6642585396766663, 0.5567565560340881, 0.6248430013656616], "19": [], "20": [0.5001988410949707, 0.5274289846420288], "21": [0.694805383682251, 0.5550390481948853, 0.585088849067688, 0.6222726106643677, 0.5054731965065002, 0.956964910030365, 0.9446173310279846, 0.632196307182312], "22": [0.6438919901847839, 0.6248430013656616, 0.956964910030365, 0.6371319890022278, 0.8365761041641235], "23": [0.5171706080436707, 0.5878068804740906, 0.9446173310279846, 0.6371319890022278, 0.8266962170600891, 0.9435216784477234], "24": [0.6545963883399963, 0.6697595119476318, 0.701655924320221, 0.632196307182312, 0.8266962170600891, 0.9204910397529602], "25": [0.5115264058113098, 0.5033361315727234, 0.8365761041641235, 0.9435216784477234, 0.9204910397529602], "26": [0.5664585828781128, 0.5140128135681152], "27": [], "28": [0.6982793211936951, 0.5104340314865112], "29": [0.6982793211936951, 0.5508034825325012, 0.5507878065109253, 0.669006884098053], "30": [0.5104340314865112, 0.5508034825325012, 0.7144780158996582], "31": [0.5507878065109253, 0.7880859971046448], "32": [0.669006884098053, 0.7144780158996582, 0.7880859971046448], "33": [0.5664585828781128, 0.8640260100364685, 0.8033763766288757], "34": [0.8640260100364685, 0.8643549680709839], "35": [0.5140128135681152, 0.8643549680709839, 0.8731442093849182], "36": [0.8033763766288757, 0.8731442093849182]}}