{"faster_rcnn_scores": [0.8846927285194397, 0.8846927285194397, 0.7993221879005432, 0.8938764929771423, 0.6842513680458069, 0.5873241424560547, -1.0, 0.5657923817634583, 0.522828996181488, -1.0, -1.0, -1.0, 0.6983151435852051, 0.6983151435852051, 0.6983151435852051, 0.6983151435852051, 0.6983151435852051, 0.6983151435852051, 0.7075518369674683, 0.5848416686058044, 0.5357183814048767, 0.5340659618377686, -1.0, 0.75429767370224, 0.714335560798645, 0.5644110441207886, 0.5433453917503357, -1.0, -1.0, 0.9782188534736633, 0.9493020176887512, 0.8903467655181885, 0.9465686678886414], "siamese_scores": {"0": [0.9025042057037354, 0.8176184892654419, 0.7652357816696167], "1": [0.9272959232330322, 0.6645703911781311, 0.9118139147758484, 0.8773218989372253], "2": [0.9025042057037354, 0.9272959232330322], "3": [0.6645703911781311, 0.9440842866897583, 0.9878102540969849, 0.865245521068573, 0.9386541843414307, 0.8792001008987427, 0.897728443145752, 0.8056135177612305, 0.7777225971221924, 0.7492431998252869, 0.7173278331756592, 0.7754582762718201], "4": [0.8176184892654419, 0.9118139147758484, 0.9440842866897583], "5": [0.7652357816696167, 0.8773218989372253, 0.9310711026191711], "6": [0.9878102540969849, 0.9310711026191711, 0.9817812442779541, 0.9627259969711304, 0.6976959109306335, 0.5066210627555847], "7": [0.9817812442779541, 0.9659548401832581, 0.8702470660209656, 0.8996075391769409], "8": [0.9627259969711304, 0.9662818908691406, 0.9525179266929626, 0.9339812994003296, 0.5217359662055969], "9": [0.865245521068573, 0.9659548401832581, 0.9662818908691406, 0.510944128036499], "10": [0.9386541843414307, 0.8702470660209656, 0.9525179266929626, 0.6142719388008118, 0.5152449011802673], "11": [0.8792001008987427, 0.8996075391769409, 0.9339812994003296, 0.7796741724014282, 0.5388027429580688], "12": [0.897728443145752], "13": [0.8056135177612305], "14": [0.7777225971221924, 0.590995192527771], "15": [0.7492431998252869, 0.7211902737617493], "16": [0.7173278331756592, 0.8323838710784912, 0.6106795072555542], "17": [0.7754582762718201, 0.590995192527771, 0.7211902737617493, 0.8323838710784912, 0.6031296253204346], "18": [0.6976959109306335, 0.510944128036499, 0.6142719388008118, 0.7796741724014282, 0.6031296253204346, 0.953299880027771, 0.8097010254859924, 0.9109291434288025], "19": [0.6106795072555542, 0.953299880027771], "20": [0.8097010254859924, 0.742243766784668, 0.5933550596237183], "21": [], "22": [0.5217359662055969, 0.9109291434288025, 0.742243766784668, 0.898672878742218, 0.9737531542778015, 0.8849737644195557], "23": [0.898672878742218, 0.6742634773254395], "24": [0.5066210627555847, 0.5152449011802673, 0.5388027429580688, 0.5933550596237183, 0.9737531542778015, 0.6742634773254395, 0.8114308714866638], "25": [0.8849737644195557, 0.8851141929626465, 0.9545443058013916], "26": [0.8851141929626465, 0.636402428150177], "27": [0.8114308714866638, 0.9545443058013916], "28": [0.636402428150177], "29": [], "30": [], "31": [], "32": []}}