{"label": {"acc": 0.7647058823529411, "precision": 0.7598039215686274, "recall": 0.7647058823529411, "f_score": 0.7579831932773109}, "linking": {"acc": 0.00909090909090909, "precision": 0.009708737864077669, "recall": 0.125, "f_score": 0.018018018018018018}}