{"faster_rcnn_scores": [0.7390061020851135, 0.6218709349632263, 0.620931088924408, 0.9283297061920166, 0.7727940082550049, 0.9783251881599426, 0.7568005919456482, 0.8000885248184204, 0.9293673038482666, 0.9010351896286011, 0.901501476764679, 0.9321929812431335, 0.7746841907501221, 0.945417046546936, 0.8556038737297058, 0.9696327447891235, 0.8652591705322266, 0.8652591705322266, 0.8501386642456055, 0.6694406270980835, 0.8630629777908325, 0.8218298554420471, -1.0, 0.7644617557525635, 0.5802688002586365, 0.9954215884208679, 0.6957308650016785, 0.7371483445167542, 0.8061091303825378, 0.5301624536514282, 0.6912906169891357, 0.8217920064926147, 0.7986337542533875, 0.7404744625091553, 0.68144690990448, 0.9219501614570618, 0.7760230302810669, 0.9112862944602966, 0.7778788805007935, 0.8503033518791199, 0.7518764138221741, 0.6187006235122681], "siamese_scores": {"0": [0.9999094009399414, 0.8630174398422241, 0.8823111653327942, 0.901929497718811], "1": [0.9999094009399414, 0.6349785327911377], "2": [0.8630174398422241, 0.6349785327911377, 0.969228982925415, 0.8429997563362122], "3": [0.8823111653327942, 0.969228982925415, 0.7715441584587097], "4": [0.7715441584587097, 0.9820098280906677, 0.7811364531517029, 0.7015095353126526, 0.6291869878768921], "5": [0.901929497718811, 0.8429997563362122, 0.9820098280906677, 0.6559426784515381], "6": [0.7811364531517029, 0.942241907119751, 0.5371288657188416], "7": [0.6559426784515381, 0.942241907119751, 0.8645225167274475], "8": [0.7015095353126526, 0.5371288657188416, 0.8645225167274475, 0.5566501021385193], "9": [0.5566501021385193, 0.7683404684066772, 0.5201625823974609, 0.6590324640274048], "10": [0.7683404684066772, 0.9472305178642273], "11": [0.5201625823974609, 0.9472305178642273, 0.6455636620521545], "12": [0.5168940424919128, 0.7064330577850342], "13": [0.5168940424919128, 0.8200226426124573], "14": [0.8267503380775452], "15": [0.6291869878768921, 0.6590324640274048, 0.6455636620521545, 0.7064330577850342, 0.8200226426124573, 0.8267503380775452, 0.7842903733253479, 0.7954803705215454, 0.624178946018219, 0.6106504797935486, 0.7125527262687683], "16": [0.7842903733253479, 0.5220814943313599], "17": [0.7954803705215454, 0.5220814943313599], "18": [0.624178946018219, 0.9296962022781372, 0.5454400777816772], "19": [0.9296962022781372, 0.9353035092353821, 0.5431447625160217], "20": [0.6106504797935486, 0.5454400777816772, 0.9353035092353821, 0.5662457346916199], "21": [0.7341010570526123, 0.7422310709953308], "22": [0.5431447625160217, 0.7341010570526123, 0.9941924214363098, 0.8993585705757141, 0.9342021942138672, 0.9822463989257812, 0.9580551385879517, 0.873665452003479, 0.96043860912323, 0.9516595602035522, 0.9302850365638733, 0.634995698928833, 0.9044299125671387, 0.6452474594116211, 0.8909233212471008, 0.513253390789032], "23": [0.9941924214363098, 0.757256269454956, 0.5017874240875244], "24": [0.8993585705757141, 0.757256269454956, 0.8359547853469849, 0.6372790932655334], "25": [], "26": [0.7125527262687683, 0.5662457346916199, 0.7422310709953308, 0.9342021942138672, 0.8359547853469849, 0.8446544408798218, 0.762151837348938, 0.737903892993927, 0.6988147497177124], "27": [0.9822463989257812, 0.6372790932655334], "28": [0.9580551385879517, 0.5017874240875244, 0.5361362099647522], "29": [0.873665452003479, 0.5361362099647522, 0.6958669424057007], "30": [0.8446544408798218, 0.6958669424057007, 0.8025911450386047], "31": [0.96043860912323, 0.8025911450386047], "32": [0.9516595602035522, 0.8144001960754395, 0.5004498362541199, 0.5572980642318726], "33": [0.762151837348938, 0.8144001960754395, 0.7543497085571289, 0.5059615969657898], "34": [0.737903892993927, 0.5004498362541199, 0.9278661608695984, 0.7054842114448547, 0.7210191488265991], "35": [0.9302850365638733, 0.5572980642318726, 0.7543497085571289, 0.9278661608695984, 0.6546981930732727], "36": [0.634995698928833, 0.7054842114448547], "37": [0.9044299125671387, 0.5059615969657898, 0.7210191488265991, 0.9431152939796448], "38": [0.6452474594116211, 0.6768643856048584], "39": [0.6988147497177124, 0.6546981930732727, 0.9431152939796448, 0.6768643856048584, 0.6209542751312256], "40": [0.8909233212471008, 0.6209542751312256], "41": [0.513253390789032]}}