{"label": {"acc": 0.42592592592592593, "precision": 0.4981088515571275, "recall": 0.42592592592592593, "f_score": 0.41291887125220467}, "linking": {"acc": 0.011013215859030838, "precision": 0.012468827930174564, "recall": 0.08620689655172414, "f_score": 0.02178649237472767}}