{"faster_rcnn_scores": [0.776781439781189, 0.9770308136940002, 0.5807124376296997, 0.6134948134422302, 0.5299227237701416, 0.5299227237701416, 0.560261070728302, 0.5184285044670105, -1.0, 0.9008690714836121, 0.6619589924812317, 0.8807439804077148, 0.7883150577545166, 0.9590818881988525, 0.7533406615257263, 0.610015869140625, 0.610015869140625, 0.610015869140625, -1.0, 0.8352965116500854, 0.9831342697143555, 0.8352965116500854, 0.8352965116500854, 0.8352965116500854, 0.8352965116500854, 0.8352965116500854, 0.8352965116500854], "siamese_scores": {"0": [], "1": [], "2": [], "3": [0.6929469704627991, 0.5107614398002625], "4": [0.6929469704627991], "5": [0.5107614398002625, 0.5399402379989624], "6": [0.5399402379989624], "7": [0.6418731212615967], "8": [0.6418731212615967, 0.6214917302131653], "9": [0.7633131146430969, 0.517020583152771, 0.627465546131134], "10": [0.7633131146430969, 0.782606303691864], "11": [0.517020583152771, 0.9838938117027283, 0.7012571692466736, 0.5308119058609009], "12": [0.6214917302131653, 0.627465546131134, 0.782606303691864, 0.9838938117027283, 0.7747311592102051, 0.7879744172096252, 0.7427083253860474, 0.8172205686569214, 0.6712371706962585, 0.6164116263389587], "13": [0.7747311592102051, 0.92425137758255, 0.8548176884651184, 0.5451105237007141], "14": [0.7879744172096252, 0.7501096129417419, 0.643444299697876, 0.5364535450935364], "15": [0.7012571692466736, 0.7427083253860474, 0.92425137758255, 0.7501096129417419], "16": [0.5308119058609009, 0.8172205686569214, 0.8548176884651184, 0.643444299697876, 0.6199604272842407], "17": [0.6712371706962585, 0.5451105237007141, 0.5364535450935364, 0.6199604272842407], "18": [0.6164116263389587], "19": [0.7334527969360352, 0.815629243850708, 0.5052846670150757, 0.5467184782028198, 0.6531493067741394], "20": [0.5302392840385437], "21": [0.7334527969360352, 0.6765017509460449, 0.7503682971000671, 0.7363826632499695], "22": [0.815629243850708, 0.5302392840385437, 0.6765017509460449, 0.8529604077339172, 0.7263652682304382], "23": [0.5052846670150757, 0.7503682971000671, 0.8529604077339172, 0.5148178339004517, 0.6467456817626953, 0.832785964012146], "24": [0.7363826632499695, 0.7263652682304382, 0.5148178339004517, 0.8296961188316345, 0.9223050475120544], "25": [0.5467184782028198, 0.6467456817626953, 0.8296961188316345, 0.7866435647010803], "26": [0.6531493067741394, 0.832785964012146, 0.9223050475120544, 0.7866435647010803]}}