{"label": {"acc": 0.7640449438202247, "precision": 0.8855160041544708, "recall": 0.7640449438202247, "f_score": 0.8019737233220379}, "linking": {"acc": 0.008923884514435695, "precision": 0.009449694274596998, "recall": 0.13821138211382114, "f_score": 0.01768990634755463}}