{"label": {"acc": 0.6333333333333333, "precision": 0.6466666666666666, "recall": 0.6333333333333333, "f_score": 0.6}, "linking": {"acc": 0.0, "precision": 0.0, "recall": 0.0, "f_score": -1}}