{"faster_rcnn_scores": [0.5623219013214111, 0.5653935074806213, 0.5653935074806213, 0.6915979385375977, 0.6669683456420898, 0.7848996520042419, 0.6290741562843323, 0.8928773999214172, 0.6062339544296265, 0.5681735873222351, 0.938864529132843, 0.6062339544296265, 0.6244447827339172, 0.5788310170173645, 0.5702691078186035, 0.867774248123169, 0.7270404100418091, 0.5496420860290527, 0.8625298142433167, 0.9126167297363281, 0.7213439345359802, 0.6651363372802734, 0.7547730207443237, 0.7228938937187195, 0.7044945955276489, 0.5114923119544983, 0.7634832859039307, 0.7706841826438904, 0.656844437122345, 0.6521308422088623, 0.6454757452011108, 0.9853881001472473, 0.8574567437171936, 0.8574567437171936, 0.8574567437171936, 0.8574567437171936], "siamese_scores": {"0": [], "1": [0.5852254033088684, 0.9808130860328674, 0.5604156851768494], "2": [0.5852254033088684, 0.5045599937438965, 0.9956770539283752, 0.8976047039031982, 0.7683939933776855, 0.5734554529190063, 0.7114006876945496], "3": [0.5045599937438965, 0.987829327583313, 0.6580290198326111, 0.623702883720398], "4": [0.9808130860328674, 0.9956770539283752, 0.987829327583313, 0.6595564484596252, 0.6633415222167969, 0.5510003566741943, 0.8384718894958496, 0.6310416460037231, 0.6272704005241394, 0.747696042060852, 0.8595634698867798, 0.6705020070075989, 0.6178719401359558, 0.6169195175170898, 0.5101746916770935], "5": [0.5604156851768494, 0.6595564484596252, 0.8140586018562317, 0.8409651517868042, 0.8047979474067688], "6": [0.8976047039031982, 0.6580290198326111, 0.6633415222167969, 0.8140586018562317, 0.6804693937301636, 0.7791064381599426, 0.5652299523353577, 0.6937440037727356, 0.6234505772590637, 0.5130651593208313], "7": [0.5510003566741943, 0.6804693937301636, 0.7793146371841431], "8": [0.8384718894958496, 0.8409651517868042, 0.7791064381599426, 0.9835855960845947, 0.8430389761924744, 0.5084131956100464, 0.833172619342804], "9": [0.7683939933776855, 0.623702883720398, 0.6310416460037231, 0.9835855960845947, 0.9321896433830261, 0.7789802551269531, 0.7222580313682556, 0.5633512735366821, 0.6326167583465576, 0.5032032132148743], "10": [0.7793146371841431, 0.8430389761924744, 0.5751754641532898, 0.6328209638595581, 0.5097861886024475], "11": [0.6272704005241394, 0.8047979474067688, 0.5652299523353577, 0.5084131956100464, 0.9321896433830261, 0.5751754641532898, 0.8932930827140808], "12": [0.833172619342804, 0.8932930827140808], "13": [0.5734554529190063, 0.747696042060852, 0.6937440037727356, 0.7789802551269531, 0.642837643623352], "14": [0.8595634698867798, 0.7222580313682556, 0.6147482991218567], "15": [0.6705020070075989, 0.6234505772590637, 0.5633512735366821, 0.8431207537651062, 0.5470449924468994], "16": [0.6328209638595581, 0.7678912281990051, 0.547420084476471], "17": [0.7114006876945496, 0.642837643623352, 0.6147482991218567, 0.8431207537651062, 0.7013018727302551, 0.7987668514251709, 0.7100117206573486, 0.6449365615844727, 0.6615589261054993], "18": [0.7678912281990051, 0.8189907670021057, 0.6250298023223877], "19": [0.5130651593208313, 0.7013018727302551, 0.6368594169616699, 0.5205550789833069], "20": [0.5097861886024475, 0.8189907670021057, 0.6368594169616699, 0.8535030484199524, 0.7418004870414734], "21": [0.6178719401359558, 0.6326167583465576, 0.7987668514251709, 0.9110438227653503, 0.5018981099128723, 0.5602409839630127, 0.7200027704238892], "22": [0.547420084476471, 0.8535030484199524, 0.9110438227653503, 0.5722286701202393, 0.6894536018371582], "23": [0.7418004870414734, 0.5018981099128723, 0.5722286701202393, 0.7061543464660645, 0.510837733745575], "24": [0.6169195175170898, 0.5032032132148743, 0.7100117206573486, 0.5602409839630127, 0.7061543464660645, 0.7159810066223145], "25": [0.6449365615844727, 0.7398234605789185], "26": [0.5101746916770935, 0.6615589261054993, 0.845802903175354], "27": [0.6250298023223877, 0.6894536018371582, 0.510837733745575, 0.8604141473770142], "28": [0.5470449924468994, 0.5205550789833069, 0.7200027704238892, 0.7159810066223145, 0.7398234605789185, 0.845802903175354, 0.7832168936729431], "29": [0.8604141473770142], "30": [0.7832168936729431], "31": [], "32": [0.7390714883804321, 0.5433695316314697, 0.6450411081314087], "33": [0.7390714883804321, 0.8410617113113403, 0.9038755893707275], "34": [0.5433695316314697, 0.8410617113113403, 0.7164750695228577], "35": [0.6450411081314087, 0.9038755893707275, 0.7164750695228577]}}