{"faster_rcnn_scores": [0.5196958780288696, 0.8614276051521301, -1.0, 0.8883557319641113, 0.6892920732498169, 0.6201545596122742, 0.5656107664108276, 0.5954529047012329, 0.5617478489875793, 0.8295585513114929, 0.8064551949501038, 0.8055053949356079, 0.8221593499183655, 0.7329836487770081, 0.7480700016021729, 0.9043201208114624, 0.8933979868888855, 0.7671747207641602, 0.9000502824783325, 0.9208899140357971, 0.7698187828063965, 0.8465843796730042, 0.9417818188667297, 0.9039513468742371, 0.9379445314407349, -1.0, 0.8954251408576965, 0.5103091597557068, 0.8626809120178223, 0.906621515750885, 0.5199312567710876, 0.9175716638565063, 0.8846047520637512, 0.9026152491569519, 0.8143613338470459, 0.9353961944580078, 0.923306405544281, 0.9617002010345459, 0.9455752968788147, 0.8051962852478027, 0.9815562963485718, 0.7059765458106995, 0.8547278046607971, 0.6091148853302002, -1.0, 0.6132977604866028, 0.9370309114456177, 0.8799526691436768], "siamese_scores": {"0": [0.9727118611335754, 0.9932571649551392, 0.8735031485557556, 0.7368805408477783, 0.5189715027809143, 0.6250936388969421], "1": [0.9727118611335754, 0.949238657951355, 0.6640618443489075], "2": [0.9932571649551392, 0.949238657951355, 0.573934018611908, 0.965753436088562, 0.9133399128913879, 0.5411584377288818, 0.9108303189277649, 0.7242994904518127, 0.5930400490760803, 0.5126098990440369], "3": [0.8735031485557556, 0.573934018611908, 0.9629515409469604], "4": [0.6640618443489075, 0.965753436088562, 0.9629515409469604, 0.6697667837142944, 0.7380111217498779, 0.6472718119621277, 0.5662721395492554, 0.5124924778938293], "5": [0.7368805408477783, 0.6697667837142944, 0.919080913066864, 0.7823325991630554, 0.7777208685874939], "6": [0.5189715027809143, 0.9133399128913879, 0.919080913066864, 0.7776681184768677, 0.6495375037193298, 0.6748414635658264, 0.6393598914146423], "7": [0.5411584377288818, 0.7823325991630554], "8": [0.9108303189277649, 0.7777208685874939, 0.8996171355247498, 0.7259153127670288, 0.7240800857543945, 0.6991215348243713, 0.5538929104804993], "9": [0.6318379044532776], "10": [0.6250936388969421, 0.7242994904518127, 0.7380111217498779, 0.7776681184768677, 0.8996171355247498, 0.6318379044532776, 0.8697001934051514], "11": [0.8697001934051514], "12": [0.5930400490760803, 0.6472718119621277, 0.6495375037193298, 0.7259153127670288, 0.9589875340461731], "13": [0.9589875340461731, 0.7864335179328918, 0.6912196278572083], "14": [0.7864335179328918, 0.9700625538825989, 0.9080563187599182, 0.5141090154647827], "15": [0.5126098990440369, 0.5662721395492554, 0.6748414635658264, 0.7240800857543945, 0.9700625538825989], "16": [0.5124924778938293, 0.6393598914146423, 0.6991215348243713], "17": [], "18": [0.5538929104804993], "19": [0.9621265530586243], "20": [0.9621265530586243, 0.8720970153808594, 0.5281461477279663], "21": [0.9760932922363281, 0.5785906910896301], "22": [0.9760932922363281, 0.9077601432800293, 0.5852110981941223], "23": [0.7804745435714722], "24": [0.7804745435714722, 0.9508829116821289, 0.6438912749290466], "25": [0.6912196278572083, 0.9080563187599182, 0.8720970153808594, 0.9077601432800293, 0.9508829116821289, 0.782525897026062, 0.9749234318733215, 0.7572110891342163, 0.8774622082710266, 0.7779197096824646, 0.7661471366882324], "26": [0.782525897026062, 0.6912389993667603], "27": [0.9749234318733215, 0.9897745847702026, 0.7754281163215637], "28": [0.5785906910896301, 0.6912389993667603, 0.9897745847702026, 0.5901960134506226, 0.5093597173690796], "29": [0.5901960134506226, 0.5430951714515686], "30": [0.5141090154647827, 0.5281461477279663, 0.5852110981941223, 0.6438912749290466, 0.7572110891342163, 0.7754281163215637, 0.6794214248657227, 0.6036394238471985, 0.5827447772026062], "31": [0.8774622082710266, 0.6794214248657227, 0.7412036061286926], "32": [0.5093597173690796, 0.5430951714515686, 0.7412036061286926], "33": [], "34": [0.7779197096824646, 0.6036394238471985, 0.5048104524612427], "35": [0.5048104524612427], "36": [0.7661471366882324, 0.5827447772026062, 0.8483413457870483], "37": [0.8483413457870483, 0.503514289855957, 0.5982838869094849], "38": [0.503514289855957, 0.9431319832801819, 0.674169659614563], "39": [0.9431319832801819], "40": [], "41": [0.840083122253418], "42": [0.7737427353858948, 0.8085036873817444], "43": [0.840083122253418, 0.7737427353858948, 0.8445503115653992], "44": [0.5982838869094849, 0.674169659614563, 0.8085036873817444, 0.8445503115653992, 0.9698465466499329, 0.8965994715690613, 0.7587683796882629], "45": [0.9698465466499329, 0.7239146828651428], "46": [0.8965994715690613, 0.7239146828651428, 0.9283342957496643], "47": [0.7587683796882629, 0.9283342957496643]}}