{"label": {"acc": 0.7083333333333334, "precision": 0.9285714285714285, "recall": 0.7083333333333334, "f_score": 0.790448343079922}, "linking": {"acc": 0.0, "precision": 0.0, "recall": -1, "f_score": -1}}