{"faster_rcnn_scores": [0.9709850549697876, -1.0, 0.5466103553771973, 0.8836773037910461, 0.6513374447822571, 0.8657033443450928, 0.782875120639801, 0.854623556137085, 0.7694433331489563, 0.9775277972221375, 0.9283058643341064, 0.6969586610794067, 0.6946099996566772], "siamese_scores": {"0": [0.9564975500106812, 0.5316144227981567], "1": [0.9564975500106812, 0.8081297278404236, 0.8369328379631042, 0.6804891228675842, 0.7534748315811157], "2": [0.5316144227981567, 0.8081297278404236], "3": [0.8369328379631042], "4": [], "5": [0.6804891228675842], "6": [], "7": [0.7534748315811157], "8": [], "9": [], "10": [], "11": [], "12": []}}