{"label": {"acc": 0.9230769230769231, "precision": 0.9615384615384616, "recall": 0.9230769230769231, "f_score": 0.9342251950947603}, "linking": {"acc": 0.0, "precision": 0.0, "recall": -1, "f_score": -1}}