{"label": {"acc": 0.9473684210526315, "precision": 0.9868421052631579, "recall": 0.9473684210526315, "f_score": 0.9641812865497075}, "linking": {"acc": 0.03571428571428571, "precision": 0.08333333333333333, "recall": 0.058823529411764705, "f_score": 0.06896551724137931}}