{"faster_rcnn_scores": [0.7482675909996033, 0.9398391842842102, 0.5612568855285645, 0.8564499616622925, 0.9225583076477051, -1.0, 0.8445595502853394, 0.7238925099372864, 0.9336174726486206, 0.8022502660751343, 0.9443025588989258, 0.9121519327163696, 0.9263074398040771, 0.8702660202980042, 0.9136247038841248, 0.721577525138855, 0.7397195100784302, 0.7601708173751831, 0.9031766653060913, 0.9034467339515686, 0.875507652759552, 0.5100089311599731, 0.9305667877197266, 0.7961981296539307, 0.8573110103607178, 0.9607394337654114, 0.6997871994972229, 0.8555042743682861, 0.9677509069442749, 0.8240892291069031, 0.8616694211959839, 0.9662048816680908, 0.810010552406311, 0.8534819483757019, 0.9625884294509888, 0.8381584882736206, 0.8426428437232971, 0.9942264556884766], "siamese_scores": {"0": [0.6252421736717224, 0.5229021906852722, 0.6164335012435913, 0.6699243783950806], "1": [0.6252421736717224], "2": [0.8809472918510437], "3": [0.5214983224868774], "4": [0.5214983224868774], "5": [0.8809472918510437, 0.5376045107841492, 0.6013418436050415, 0.5672761797904968, 0.5293004512786865], "6": [], "7": [0.5376045107841492], "8": [0.6120101809501648], "9": [0.5229021906852722, 0.5518642663955688], "10": [0.6120101809501648], "11": [0.6164335012435913], "12": [0.5518642663955688], "13": [0.6013418436050415], "14": [], "15": [0.6699243783950806], "16": [0.5672761797904968], "17": [], "18": [0.5043933987617493], "19": [0.5043933987617493], "20": [0.5293004512786865], "21": [], "22": [], "23": [], "24": [], "25": [], "26": [], "27": [], "28": [], "29": [], "30": [], "31": [], "32": [], "33": [], "34": [], "35": [], "36": [], "37": []}}