{"faster_rcnn_scores": [0.9051224589347839, 0.6725725531578064, 0.5422704815864563, 0.5505954027175903, 0.9152669906616211, 0.5013922452926636, 0.669375479221344, -1.0, -1.0, -1.0, -1.0, -1.0, 0.5794134140014648, 0.877467155456543, 0.6455800533294678, 0.569251298904419, -1.0, 0.847437858581543, 0.5303975939750671, 0.6817358732223511, 0.8657557368278503, 0.8761599063873291, 0.5908986926078796, 0.6967273950576782, 0.8221001625061035, 0.8044471740722656, 0.7017120122909546, 0.7400355339050293, 0.787349283695221, 0.7108113765716553, 0.8776335120201111, 0.6226640343666077, 0.790844202041626, 0.790844202041626, 0.825546383857727, 0.5459075570106506, 0.5459075570106506, 0.8652979135513306, 0.8652979135513306, 0.6839093565940857, 0.5692710876464844, 0.6550399661064148, 0.5286114811897278, 0.9941686391830444, 0.8774247765541077, 0.85678631067276, 0.8945652842521667], "siamese_scores": {"0": [0.7778382897377014, 0.6032694578170776, 0.9480928778648376, 0.9224399328231812, 0.7216336131095886, 0.6228856444358826], "1": [0.9339876174926758, 0.5027868747711182, 0.9486564993858337, 0.9849351644515991, 0.9827471971511841, 0.8239690661430359, 0.8905037641525269, 0.6720198392868042, 0.6474120616912842, 0.8367068767547607, 0.7284911274909973], "2": [0.9689879417419434, 0.808386504650116, 0.5163619518280029, 0.9906796813011169, 0.984452486038208, 0.9837206602096558, 0.691623330116272, 0.6739446520805359, 0.6484052538871765], "3": [0.7778382897377014, 0.9339876174926758, 0.9689879417419434, 0.8867093920707703, 0.5057629346847534, 0.7691187858581543, 0.6441100239753723, 0.7745785117149353, 0.7325595021247864], "4": [0.5027868747711182, 0.808386504650116, 0.8867093920707703, 0.6609048247337341, 0.5042779445648193, 0.8935229778289795, 0.847007155418396, 0.5399820804595947], "5": [0.5163619518280029, 0.9585207104682922, 0.9971469044685364, 0.9818499684333801, 0.9862675666809082, 0.7520418763160706, 0.9721726179122925, 0.569719672203064, 0.5429813265800476, 0.5246474146842957], "6": [0.6032694578170776, 0.9486564993858337, 0.5057629346847534, 0.6609048247337341, 0.9585207104682922, 0.862934410572052, 0.7046490907669067, 0.8869255781173706, 0.8262234926223755, 0.6163472533226013, 0.6479452252388, 0.6008151173591614], "7": [0.9906796813011169, 0.5042779445648193, 0.9971469044685364, 0.5134819746017456], "8": [0.9480928778648376, 0.9849351644515991, 0.7691187858581543, 0.8935229778289795, 0.9818499684333801, 0.862934410572052, 0.5372653603553772, 0.7152659893035889, 0.981036901473999, 0.9873642325401306, 0.5619834661483765, 0.8993955254554749, 0.9384752511978149, 0.8690692186355591, 0.8466073274612427, 0.7979678511619568, 0.8441188335418701], "9": [0.984452486038208, 0.9862675666809082], "10": [0.9224399328231812, 0.9827471971511841, 0.6441100239753723, 0.847007155418396, 0.7520418763160706, 0.7046490907669067, 0.8293421864509583, 0.8929325938224792, 0.9929519295692444, 0.9937849044799805, 0.5906358957290649, 0.5427290201187134, 0.6699615716934204, 0.9304260611534119, 0.9570677876472473, 0.8928262591362, 0.8703465461730957, 0.8517135977745056, 0.8674550652503967, 0.5354452133178711], "11": [0.9837206602096558, 0.9721726179122925, 0.8520705103874207, 0.5280453562736511], "12": [0.5399820804595947, 0.5372653603553772, 0.8293421864509583, 0.8520705103874207, 0.7852863073348999, 0.5839128494262695], "13": [0.8239690661430359, 0.7152659893035889, 0.8929325938224792, 0.9467028379440308, 0.8649675846099854, 0.5876086354255676, 0.655836284160614, 0.5646092295646667, 0.5245308876037598], "14": [0.7745785117149353, 0.8869255781173706, 0.981036901473999, 0.9929519295692444, 0.7852863073348999, 0.9467028379440308, 0.983141303062439, 0.8616918325424194, 0.836669921875, 0.961361289024353, 0.9108346700668335], "15": [0.7325595021247864, 0.8262234926223755, 0.9873642325401306, 0.9937849044799805, 0.5839128494262695, 0.8649675846099854, 0.9983003735542297, 0.6067431569099426, 0.9258679151535034, 0.8904674053192139, 0.976031482219696, 0.9302698373794556, 0.5571970343589783, 0.5662499666213989], "16": [0.7216336131095886, 0.8905037641525269, 0.6163472533226013, 0.5876086354255676, 0.983141303062439, 0.9983003735542297, 0.71506667137146, 0.6237038969993591, 0.9150571227073669, 0.7556139230728149, 0.9420621991157532, 0.9426345825195312, 0.7291005253791809, 0.8390719294548035, 0.7694054841995239, 0.9070135354995728, 0.8184401392936707], "17": [0.691623330116272, 0.569719672203064, 0.8519565463066101], "18": [0.8519565463066101], "19": [0.6067431569099426, 0.8635260462760925], "20": [0.6720198392868042, 0.5906358957290649, 0.8616918325424194, 0.9258679151535034, 0.71506667137146, 0.7132928371429443, 0.8758347034454346, 0.7535727620124817, 0.5624259114265442, 0.6740919351577759, 0.5821497440338135], "21": [0.8102429509162903], "22": [0.5134819746017456, 0.5280453562736511, 0.8635260462760925, 0.8906748294830322, 0.8355994820594788, 0.5059775710105896, 0.9163618087768555, 0.8568162322044373, 0.784254252910614], "23": [0.6739446520805359, 0.5429813265800476, 0.8102429509162903, 0.8906748294830322], "24": [0.6474120616912842, 0.5427290201187134, 0.836669921875, 0.8904674053192139, 0.6237038969993591, 0.8355994820594788, 0.8283037543296814, 0.5459058880805969, 0.8918514847755432, 0.7871124148368835, 0.7321651577949524, 0.6981348395347595, 0.5214107632637024, 0.6032464504241943, 0.5079547166824341], "25": [0.8214579820632935, 0.8405400514602661], "26": [0.6484052538871765, 0.5246474146842957, 0.5059775710105896, 0.8214579820632935, 0.5343471765518188], "27": [0.6228856444358826, 0.8367068767547607, 0.5619834661483765, 0.6699615716934204, 0.961361289024353, 0.976031482219696, 0.9150571227073669, 0.7132928371429443, 0.9163618087768555, 0.8283037543296814, 0.8405400514602661, 0.5343471765518188, 0.8606599569320679, 0.8179436326026917, 0.6012254953384399, 0.9819621443748474, 0.961011528968811, 0.9229615926742554, 0.9199336171150208, 0.7086228132247925, 0.6627451777458191, 0.5750585794448853], "28": [0.8568162322044373, 0.8606599569320679], "29": [0.7284911274909973, 0.9108346700668335, 0.9302698373794556, 0.7556139230728149, 0.5459058880805969, 0.8179436326026917, 0.7920529842376709, 0.9851194024085999, 0.9539864659309387, 0.9082654714584351, 0.88090580701828, 0.7694002389907837, 0.7810787558555603, 0.740441083908081], "30": [0.784254252910614, 0.6012254953384399, 0.7920529842376709], "31": [0.6479452252388, 0.8993955254554749, 0.9304260611534119, 0.655836284160614, 0.9420621991157532, 0.8758347034454346, 0.8918514847755432, 0.9819621443748474, 0.9851194024085999, 0.6294964551925659, 0.6635443568229675, 0.5044621825218201, 0.5403804183006287], "32": [0.6008151173591614, 0.9384752511978149, 0.9570677876472473, 0.5646092295646667, 0.9426345825195312, 0.7535727620124817, 0.7871124148368835, 0.961011528968811, 0.9539864659309387, 0.8558091521263123, 0.8313342332839966, 0.6164904832839966, 0.7649283409118652, 0.7526001930236816], "33": [0.7291005253791809, 0.5624259114265442, 0.7321651577949524, 0.9229615926742554, 0.9082654714584351, 0.6294964551925659, 0.8558091521263123, 0.9806621074676514, 0.96705162525177, 0.9290392994880676], "34": [0.8690692186355591, 0.8928262591362, 0.8390719294548035, 0.6740919351577759, 0.6981348395347595, 0.9199336171150208, 0.88090580701828, 0.9978991746902466, 0.9884301424026489, 0.8425357937812805, 0.7994102239608765], "35": [0.6635443568229675, 0.8313342332839966, 0.9806621074676514, 0.9978991746902466, 0.986652135848999, 0.9861330389976501, 0.8104283809661865], "36": [0.6164904832839966, 0.96705162525177, 0.9884301424026489, 0.9922769069671631, 0.9909083247184753, 0.906495988368988, 0.7172028422355652], "37": [0.8466073274612427, 0.8703465461730957, 0.7694054841995239, 0.5214107632637024, 0.7086228132247925, 0.7694002389907837, 0.986652135848999, 0.9922769069671631, 0.6168395280838013, 0.9697768092155457, 0.9785716533660889, 0.9211241006851196],