{"label": {"acc": 0.6585365853658537, "precision": 0.9108013937282231, "recall": 0.6585365853658537, "f_score": 0.7175964863096908}, "linking": {"acc": 0.02023121387283237, "precision": 0.021604938271604937, "recall": 0.2413793103448276, "f_score": 0.039660056657223795}}