{"label": {"acc": 0.9166666666666666, "precision": 0.9294871794871794, "recall": 0.9166666666666666, "f_score": 0.9097222222222222}, "linking": {"acc": 0.015625, "precision": 0.017543859649122806, "recall": 0.125, "f_score": 0.030769230769230767}}