{"label": {"acc": 0.8307692307692308, "precision": 0.8356421509524958, "recall": 0.8307692307692308, "f_score": 0.8323809523809523}, "linking": {"acc": 0.006012024048096192, "precision": 0.007263922518159807, "recall": 0.033707865168539325, "f_score": 0.011952191235059762}}