{"faster_rcnn_scores": [-1.0, 0.7289893627166748, -1.0, 0.8603114485740662, 0.5379346609115601, 0.5379346609115601, -1.0, 0.8246827125549316, 0.6935150623321533, 0.9480907320976257, 0.9629459381103516, 0.8170675039291382, 0.9469307065010071, 0.9126542806625366, 0.9238374829292297, 0.5626959204673767, 0.8949109315872192, 0.5179681777954102, 0.9302758574485779, 0.7649651169776917, 0.9316704273223877, 0.6753487586975098, 0.951168954372406, 0.8629825711250305, 0.8760575652122498, 0.8398800492286682, 0.9306264519691467, 0.909972608089447, 0.5430051684379578, 0.9575186967849731, 0.9263579845428467, 0.5693234205245972, 0.918258786201477, 0.9474727511405945, 0.5644092559814453, 0.5590495467185974, 0.5590495467185974, 0.5409649610519409, 0.5781996846199036, 0.9042311310768127, 0.5080000162124634, 0.7199417948722839, 0.8814849853515625, -1.0, 0.846511721611023, 0.6997973322868347, 0.9361674785614014, 0.6744027137756348, 0.9320827722549438, 0.9441422820091248, 0.8383616209030151, 0.949141800403595, 0.5030040144920349, 0.9452897310256958, 0.5516119599342346, 0.804077684879303, 0.9063603281974792, 0.8075492978096008, -1.0, 0.8553299307823181, 0.7848566770553589, 0.9775682687759399, 0.979430615901947, 0.9537452459335327], "siamese_scores": {"0": [0.5960266590118408], "1": [0.5960266590118408, 0.9260672330856323, 0.8767041563987732], "2": [0.9260672330856323, 0.5416883230209351], "3": [0.8767041563987732, 0.8555633425712585, 0.9410461783409119, 0.8107103705406189, 0.7902677059173584, 0.7695121765136719], "4": [0.8555633425712585], "5": [0.9410461783409119, 0.6216621994972229, 0.62700355052948], "6": [0.8889120817184448, 0.7811281085014343, 0.8390126824378967, 0.6032558083534241, 0.6232350468635559], "7": [0.8107103705406189, 0.6216621994972229, 0.8889120817184448, 0.9001209735870361], "8": [0.9001209735870361, 0.6798340678215027], "9": [0.7811281085014343], "10": [0.5416883230209351, 0.8390126824378967], "11": [0.7902677059173584, 0.62700355052948, 0.6798340678215027, 0.9470296502113342], "12": [0.9470296502113342, 0.6257002353668213], "13": [0.6032558083534241], "14": [0.6232350468635559], "15": [0.7695121765136719, 0.6257002353668213, 0.9952344298362732], "16": [0.9952344298362732], "17": [], "18": [], "19": [0.5558159947395325], "20": [0.5558159947395325, 0.6480928659439087], "21": [0.6480928659439087], "22": [0.5325347185134888], "23": [0.5325347185134888, 0.5176790356636047], "24": [0.5176790356636047, 0.5677682757377625], "25": [0.5520554780960083], "26": [0.5684552788734436], "27": [0.5566312074661255], "28": [0.5520554780960083, 0.5539406538009644], "29": [0.5684552788734436], "30": [0.5566312074661255], "31": [0.5539406538009644], "32": [0.5208578705787659], "33": [], "34": [0.9846790432929993, 0.5642092823982239, 0.6364589333534241], "35": [0.9846790432929993, 0.639096200466156, 0.7509016990661621, 0.6644611358642578], "36": [0.5642092823982239, 0.639096200466156, 0.8056867122650146], "37": [0.9231758117675781, 0.627766489982605], "38": [0.7509016990661621, 0.8056867122650146, 0.8698838949203491, 0.5975592732429504, 0.6420191526412964, 0.5825090408325195, 0.5904893279075623, 0.5420532822608948, 0.5015076398849487], "39": [0.8698838949203491, 0.5548626184463501, 0.9312548637390137, 0.8905107975006104], "40": [0.5548626184463501, 0.7037303447723389, 0.9520849585533142, 0.6842464804649353], "41": [0.5975592732429504, 0.9312548637390137, 0.7037303447723389, 0.9551109075546265, 0.9158378839492798, 0.810082197189331, 0.6022478342056274, 0.5982118844985962, 0.563320517539978], "42": [0.9551109075546265, 0.7712594270706177, 0.5504322052001953], "43": [0.9231758117675781, 0.8905107975006104, 0.9520849585533142, 0.9284321069717407, 0.9537027478218079], "44": [0.5208578705787659, 0.6420191526412964, 0.9158378839492798, 0.9284321069717407, 0.5381693840026855], "45": [0.6644611358642578, 0.7712594270706177, 0.9424536228179932, 0.7431017160415649, 0.7247495651245117, 0.6579893827438354, 0.6001695394515991, 0.6505420207977295, 0.6016392707824707, 0.5731269121170044], "46": [0.5825090408325195, 0.810082197189331, 0.5790663957595825], "47": [0.5677682757377625, 0.6364589333534241, 0.9424536228179932, 0.7088716626167297, 0.7194496989250183, 0.598287045955658, 0.5213096737861633, 0.950455904006958, 0.5256651043891907, 0.7706358432769775], "48": [0.9537027478218079, 0.8986082077026367, 0.6903514266014099], "49": [0.5904893279075623, 0.6022478342056274, 0.6264432072639465], "50": [0.7431017160415649, 0.7088716626167297, 0.5083349347114563, 0.895386815071106, 0.6164612174034119], "51": [0.5420532822608948, 0.5982118844985962, 0.6708751320838928], "52": [0.7247495651245117, 0.7194496989250183, 0.5083349347114563, 0.5286455154418945, 0.5522522330284119, 0.9377087950706482, 0.7260786890983582], "53": [0.5015076398849487, 0.563320517539978, 0.7175453901290894], "54": [0.6579893827438354, 0.598287045955658, 0.5286455154418945, 0.9205166101455688, 0.6378204822540283], "55": [0.6338486671447754, 0.7851673364639282], "56": [0.627766489982605, 0.6842464804649353, 0.8986082077026367], "57": [0.6001695394515991, 0.5213096737861633, 0.5522522330284119, 0.9769943356513977, 0.7023239135742188], "58": [0.5504322052001953, 0.6505420207977295, 0.950455904006958, 0.895386815071106, 0.9377087950706482, 0.9205166101455688, 0.6338486671447754, 0.9769943356513977, 0.9800503849983215, 0.9501431584358215], "59": [0.6016392707824707, 0.9800503849983215, 0.5778316855430603, 0.7705410718917847], "60": [0.5731269121170044, 0.5256651043891907, 0.9501431584358215, 0.5778316855430603, 0.7980950474739075], "61": [0.6903514266014099], "62": [0.5381693840026855, 0.5790663957595825, 0.6264432072639465, 0.6708751320838928, 0.7175453901290894, 0.7851673364639282], "63": [0.7706358432769775, 0.6164612174034119, 0.7260786890983582, 0.6378204822540283, 0.7023239135742188, 0.7705410718917847, 0.7980950474739075]}}