{"faster_rcnn_scores": [0.9494535326957703, 0.9254848957061768, 0.9585998058319092, 0.9665817022323608, 0.8585444688796997, 0.9777456521987915, 0.7891234755516052, 0.6261034607887268, 0.663027822971344, 0.7447517514228821, 0.6008102893829346, 0.663027822971344, 0.8992470502853394, 0.8357258439064026, 0.8235571384429932, 0.9095686674118042, 0.916914701461792, 0.9522801041603088, 0.9597711563110352, 0.7057590484619141, -1.0, -1.0, 0.9909859895706177, 0.8455538749694824, 0.9459145665168762], "siamese_scores": {"0": [], "1": [], "2": [], "3": [0.5640107989311218], "4": [0.8766621351242065], "5": [0.5640107989311218, 0.8766621351242065, 0.9208334684371948, 0.5615349411964417, 0.710825502872467, 0.7803180813789368, 0.6370842456817627], "6": [0.9208334684371948, 0.7194623351097107, 0.5605870485305786, 0.7767091989517212], "7": [0.5615349411964417, 0.7194623351097107, 0.5589061379432678, 0.8113793134689331], "8": [0.5589061379432678, 0.7119868993759155, 0.5182802081108093], "9": [0.710825502872467, 0.5605870485305786, 0.9561389088630676], "10": [0.7803180813789368, 0.7767091989517212, 0.8113793134689331, 0.7119868993759155, 0.9561389088630676, 0.9107571244239807], "11": [0.5182802081108093, 0.9107571244239807], "12": [0.6370842456817627], "13": [], "14": [], "15": [], "16": [], "17": [], "18": [], "19": [0.815788984298706, 0.671906054019928], "20": [0.815788984298706], "21": [0.671906054019928, 0.747917115688324], "22": [], "23": [0.747917115688324], "24": []}}