{"faster_rcnn_scores": [0.8833823800086975, -1.0, 0.981396496295929, 0.7463030815124512, 0.8377441763877869, 0.9717668294906616, 0.5950209498405457, 0.9004038572311401, 0.9534010887145996, 0.6433433890342712, -1.0, 0.946623682975769, 0.9108939170837402, -1.0, 0.9173674583435059, 0.920378565788269, -1.0, 0.7439496517181396, 0.9099830985069275, 0.9585132598876953, 0.5429818034172058, 0.9724053144454956, 0.8175476789474487, 0.9870901703834534, 0.544479489326477, 0.5013370513916016, 0.9448825716972351, 0.9277144074440002], "siamese_scores": {"0": [0.997672975063324, 0.6461930274963379], "1": [0.997672975063324, 0.8302046060562134, 0.5070377588272095], "2": [0.8302046060562134, 0.7848951816558838], "3": [0.6461930274963379, 0.7848951816558838], "4": [0.9371887445449829], "5": [0.5070377588272095, 0.9371887445449829], "6": [], "7": [0.875173032283783], "8": [0.875173032283783], "9": [0.8322687149047852], "10": [0.8322687149047852, 0.7896987199783325, 0.8679712414741516, 0.5478454828262329], "11": [0.7896987199783325, 0.981223464012146], "12": [0.8679712414741516, 0.981223464012146], "13": [0.5478454828262329, 0.969623863697052, 0.6675591468811035, 0.5938483476638794], "14": [0.875173032283783], "15": [0.969623863697052, 0.875173032283783, 0.9103556871414185], "16": [0.9103556871414185, 0.9927063584327698, 0.7065248489379883, 0.6095612645149231], "17": [0.6675591468811035, 0.9927063584327698, 0.5027036070823669, 0.5261626243591309], "18": [0.5027036070823669, 0.9830135703086853], "19": [0.7065248489379883, 0.9830135703086853], "20": [0.5938483476638794, 0.6095612645149231, 0.5261626243591309], "21": [0.8875691890716553], "22": [0.8875691890716553], "23": [0.515264630317688], "24": [0.7099987864494324], "25": [0.7099987864494324], "26": [0.515264630317688, 0.8727253079414368], "27": [0.8727253079414368]}}