{"label": {"acc": 0.6219512195121951, "precision": 0.6504384870756654, "recall": 0.6219512195121951, "f_score": 0.6262364682151697}, "linking": {"acc": 0.010801591813530414, "precision": 0.011169900058788948, "recall": 0.24675324675324675, "f_score": 0.02137232845894263}}