{"faster_rcnn_scores": [0.7313806414604187, -1.0, 0.7490419149398804, 0.7490419149398804, -1.0, -1.0, -1.0, -1.0, 0.813572347164154, 0.7494320869445801, -1.0, -1.0, 0.5220417976379395, 0.9352253079414368, 0.8485038876533508, 0.7851707339286804, 0.8480402231216431, 0.7409394979476929, 0.7622442245483398, 0.7785481810569763, 0.7724172472953796, 0.8870395421981812, 0.759852945804596, 0.7841383218765259, 0.9311615228652954, 0.9618914127349854, 0.6999748945236206, 0.8861468434333801, 0.9649267196655273, 0.973517894744873, 0.7975079417228699, 0.6830257773399353, 0.9748618006706238, 0.986759603023529, 0.8945854306221008, 0.9568447470664978, 0.9700647592544556, 0.7626921534538269, 0.8858489990234375, 0.9502629637718201, 0.9888845682144165, 0.9013196229934692, 0.9003990888595581, 0.9083889722824097, 0.983806848526001, 0.8662269711494446, 0.9383447766304016, 0.9596466422080994, 0.547106146812439, 0.9762179851531982, 0.9093735218048096, 0.9746152758598328, 0.6112223267555237, 0.8946804404258728, 0.9174947738647461, 0.9141110777854919, 0.7303786873817444, 0.9684707522392273, 0.9363862872123718, 0.9892927408218384, 0.8962065577507019, 0.959088146686554, 0.8306301832199097, 0.8819658160209656, 0.8015564680099487, 0.5521625876426697, 0.6921520233154297, -1.0, 0.8748813271522522, 0.8424983620643616, 0.9436464309692383, 0.9588306546211243, 0.9266154766082764, 0.695671796798706, 0.8952443599700928, 0.9762889742851257, 0.8018237352371216, 0.9604105353355408, -1.0, 0.9371903538703918, 0.833437442779541, 0.6354161500930786, 0.7374867796897888, 0.9540578722953796, 0.7445301413536072, 0.5303191542625427, 0.8042445778846741, 0.8850800395011902, 0.5303191542625427, 0.5099073052406311, 0.840165913105011, 0.9939913153648376, -1.0], "siamese_scores": {"0": [0.9980359673500061, 0.7056187987327576, 0.7991507053375244, 0.6853986382484436, 0.5162437558174133], "1": [0.9980359673500061, 0.8323042392730713], "2": [0.7056187987327576, 0.5376322269439697, 0.7933586835861206], "3": [0.5376322269439697, 0.9489129781723022], "4": [0.7991507053375244, 0.7933586835861206, 0.9489129781723022], "5": [0.5018025636672974, 0.5877998471260071, 0.6834506988525391, 0.5077434182167053], "6": [0.5018025636672974, 0.6247653365135193, 0.8247566223144531, 0.5138679146766663, 0.604656457901001, 0.6733664274215698], "7": [0.5877998471260071, 0.6247653365135193, 0.865709662437439, 0.8654143214225769, 0.7397953867912292], "8": [0.6834506988525391, 0.8247566223144531, 0.865709662437439, 0.614169180393219, 0.5089367032051086], "9": [0.5077434182167053, 0.5138679146766663, 0.8627692461013794, 0.5887739658355713, 0.77323317527771], "10": [0.614169180393219, 0.8627692461013794, 0.9960483908653259, 0.5374900102615356, 0.8250012993812561, 0.5277643799781799, 0.7637071013450623, 0.7559359073638916, 0.8285626769065857, 0.5826709270477295], "11": [0.6853986382484436, 0.5887739658355713, 0.999083399772644, 0.5251936912536621, 0.7955543994903564, 0.5122554898262024], "12": [0.8323042392730713, 0.604656457901001, 0.8654143214225769, 0.5089367032051086, 0.77323317527771, 0.9960483908653259, 0.999083399772644, 0.6380543112754822, 0.8938682675361633, 0.9688898921012878, 0.719803512096405, 0.5458466410636902, 0.6674911975860596, 0.7777674794197083], "13": [0.6733664274215698, 0.7397953867912292], "14": [0.5374900102615356, 0.5610838532447815], "15": [0.8250012993812561, 0.5251936912536621, 0.6380543112754822, 0.5744085907936096], "16": [0.7955543994903564, 0.8938682675361633], "17": [0.9688898921012878, 0.5962021350860596], "18": [], "19": [0.5277643799781799], "20": [0.7481377720832825], "21": [0.7637071013450623, 0.7481377720832825, 0.5088859796524048, 0.6183544993400574], "22": [0.5162437558174133, 0.719803512096405, 0.8847728967666626, 0.7382485270500183, 0.6787718534469604, 0.6435876488685608, 0.6050834059715271, 0.7229984402656555, 0.5498238205909729, 0.5800206065177917], "23": [0.5458466410636902, 0.5962021350860596, 0.8847728967666626, 0.7255071401596069], "24": [0.8679248094558716, 0.6253224611282349], "25": [0.7559359073638916, 0.8679248094558716, 0.5638011693954468, 0.5519983768463135, 0.643276572227478], "26": [0.6674911975860596, 0.5638011693954468, 0.7639762759208679, 0.729489266872406, 0.7015998363494873, 0.6683575510978699, 0.7274242639541626, 0.5550127029418945, 0.6178187131881714], "27": [0.7777674794197083, 0.7255071401596069, 0.5380997657775879], "28": [0.9786721467971802], "29": [0.8285626769065857, 0.5610838532447815, 0.5744085907936096, 0.5088859796524048, 0.6253224611282349, 0.5519983768463135, 0.9786721467971802, 0.9698383212089539, 0.6136166453361511, 0.5634881258010864, 0.8081536889076233], "30": [0.9698383212089539, 0.816396176815033], "31": [0.5122554898262024, 0.7382485270500183, 0.7639762759208679, 0.5380997657775879, 0.816396176815033], "32": [0.6136166453361511, 0.8630625605583191], "33": [0.5826709270477295, 0.5634881258010864, 0.8630625605583191, 0.7187048196792603], "34": [0.6787718534469604, 0.729489266872406], "35": [0.7866866588592529], "36": [0.7866866588592529, 0.8283947110176086, 0.7439822554588318], "37": [0.8283947110176086, 0.8356096148490906], "38": [0.6435876488685608, 0.7015998363494873, 0.8356096148490906, 0.5137227773666382], "39": [0.7697670459747314], "40": [0.7697670459747314, 0.788701593875885, 0.7821010947227478], "41": [0.6050834059715271, 0.6683575510978699, 0.8768920302391052, 0.5919125080108643], "42": [0.788701593875885, 0.8768920302391052, 0.6594792008399963], "43": [0.8305485248565674, 0.5143445730209351], "44": [0.8305485248565674, 0.8328846096992493, 0.809516966342926], "45": [0.8328846096992493, 0.9666760563850403], "46": [0.7229984402656555, 0.7274242639541626, 0.5137227773666382, 0.5919125080108643, 0.6594792008399963, 0.5143445730209351, 0.9666760563850403, 0.7066226005554199, 0.5783489346504211, 0.5031117796897888], "47": [0.8956175446510315, 0.8140605092048645], "48": [0.7066226005554199, 0.8956175446510315, 0.7939590215682983, 0.520555317401886], "49": [0.5498238205909729, 0.5550127029418945, 0.5783489346504211, 0.7939590215682983], "50": [0.9203622937202454], "51": [0.9203622937202454, 0.8423103094100952, 0.6676346659660339, 0.5280974507331848, 0.8613654375076294], "52": [0.8423103094100952, 0.921835720539093], "53": [0.5800206065177917, 0.6178187131881714, 0.5031117796897888, 0.520555317401886, 0.921835720539093, 0.5088130235671997], "54": [0.9066502451896667], "55": [0.9066502451896667, 0.9472927451133728, 0.8284703493118286, 0.8718823194503784], "56": [0.6676346659660339, 0.9472927451133728, 0.9449367523193359, 0.627406656742096, 0.5315800905227661, 0.5986488461494446], "57": [0.5088130235671997, 0.9449367523193359, 0.6709794402122498, 0.580902636051178], "58": [0.9121248722076416], "59": [0.627406656742096, 0.9121248722076416, 0.9716116189956665, 0.9071177840232849, 0.5388236045837402], "60": [0.5280974507331848, 0.8284703493118286, 0.5315800905227661, 0.6709794402122498, 0.9716116189956665, 0.9826750755310059, 0.5929661393165588, 0.6654225587844849, 0.6516939997673035], "61": [0.9826750755310059, 0.5843197107315063], "62": [0.5929661393165588, 0.540678083896637, 0.6196479201316833, 0.5656912922859192], "63": [0.540678083896637, 0.5442012548446655, 0.7800350785255432, 0.6750653386116028], "64": [], "65": [0.5442012548446655, 0.6172353625297546, 0.8383585214614868, 0.5261654257774353], "66": [0.8563088774681091, 0.7848693132400513], "67": [0.6183544993400574, 0.643276572227478, 0.8081536889076233, 0.7187048196792603, 0.7439822554588318, 0.7821010947227478, 0.809516966342926, 0.8140605092048645, 0.8613654375076294, 0.8718823194503784, 0.9071177840232849, 0.6172353625297546, 0.8563088774681091, 0.927933931350708, 0.9737880825996399, 0.9659153819084167, 0.9951700568199158, 0.9492238163948059, 0.9363320469856262, 0.8702799677848816, 0.863797664642334, 0.8502442240715027], "68": [0.927933931350708, 0.8779372572898865, 0.5632206201553345, 0.9142266511917114, 0.697154700756073],