{"faster_rcnn_scores": [0.5869483947753906, 0.7034173011779785, 0.7021219730377197, 0.7733587026596069, 0.9587697982788086, 0.8365827798843384, 0.5419877171516418, 0.6908562183380127, 0.7541753649711609, 0.8482463955879211, 0.9649721384048462, 0.9417597055435181, 0.6435592174530029, 0.9911405444145203, 0.9263788461685181, 0.7480928897857666, 0.9265754222869873, 0.7480928897857666, 0.9457199573516846, 0.6998080015182495, 0.5832065343856812, 0.6998080015182495, 0.8575043082237244], "siamese_scores": {"0": [0.7462630867958069], "1": [0.7462630867958069, 0.654564619064331], "2": [0.654564619064331, 0.6468881964683533], "3": [0.8505008220672607, 0.6372107267379761], "4": [0.8505008220672607], "5": [0.6468881964683533], "6": [0.555807888507843, 0.5982866287231445], "7": [0.6372107267379761, 0.555807888507843, 0.9072450399398804], "8": [0.5982866287231445, 0.9072450399398804, 0.8087754845619202], "9": [0.8087754845619202, 0.8788674473762512], "10": [0.8788674473762512], "11": [0.6261653900146484], "12": [0.6261653900146484, 0.5126653909683228], "13": [], "14": [0.5126653909683228, 0.9847331643104553, 0.8238301873207092, 0.9443196654319763, 0.7160491943359375], "15": [0.7103024125099182], "16": [0.9847331643104553, 0.7103024125099182, 0.78707355260849, 0.889772355556488, 0.6108711957931519], "17": [], "18": [0.8238301873207092, 0.78707355260849, 0.631658673286438], "19": [], "20": [0.9443196654319763, 0.889772355556488, 0.631658673286438, 0.8767476081848145], "21": [], "22": [0.7160491943359375, 0.6108711957931519, 0.8767476081848145]}}