{"faster_rcnn_scores": [-1.0, 0.5630662441253662, 0.9280804991722107, 0.8634601831436157, 0.7356102466583252, 0.7807000279426575, 0.7679060697555542, 0.7933843731880188, 0.9475023746490479, 0.8694773316383362, 0.7619156837463379, -1.0, 0.6408860683441162, 0.9115518927574158, 0.9241206049919128, 0.7753243446350098, 0.7003722786903381, 0.9566295742988586, 0.9240167140960693, 0.805720865726471, 0.8424379825592041, 0.7346643805503845, 0.5425130128860474, 0.959674060344696, 0.9939268231391907], "siamese_scores": {"0": [0.6862514019012451, 0.5096222758293152], "1": [0.6862514019012451, 0.6028833389282227], "2": [0.6028833389282227], "3": [0.7306408286094666], "4": [0.7306408286094666, 0.970919668674469, 0.5357958078384399, 0.614789605140686], "5": [0.9230591058731079], "6": [0.829409658908844], "7": [0.5096222758293152, 0.970919668674469, 0.9230591058731079, 0.829409658908844], "8": [0.5357958078384399], "9": [], "10": [0.614789605140686, 0.9365956783294678], "11": [0.9365956783294678, 0.9017661809921265], "12": [0.9017661809921265], "13": [], "14": [], "15": [], "16": [0.774540901184082], "17": [0.774540901184082], "18": [], "19": [0.9195542335510254], "20": [0.9195542335510254], "21": [0.5334950089454651], "22": [0.5334950089454651, 0.9149259328842163], "23": [0.9149259328842163], "24": []}}