{"label": {"acc": 0.6875, "precision": 0.7402626811594203, "recall": 0.6875, "f_score": 0.6684651797175867}, "linking": {"acc": 0.01, "precision": 0.0136986301369863, "recall": 0.03571428571428571, "f_score": 0.019801980198019802}}