{"label": {"acc": 0.6666666666666666, "precision": 0.787202380952381, "recall": 0.6666666666666666, "f_score": 0.7021929824561403}, "linking": {"acc": 0.0, "precision": 0.0, "recall": 0.0, "f_score": -1}}