{"label": {"acc": 0.625, "precision": 0.6425080128205128, "recall": 0.625, "f_score": 0.6308803763440859}, "linking": {"acc": 0.01507537688442211, "precision": 0.017142857142857144, "recall": 0.1111111111111111, "f_score": 0.0297029702970297}}