{"faster_rcnn_scores": [0.8497121930122375, 0.7503076195716858, 0.840365469455719, 0.7843729853630066, 0.7823073267936707, 0.9160871505737305, 0.8422178626060486, 0.8422178626060486, 0.8422178626060486, 0.8422178626060486, 0.8163682818412781, 0.8054186701774597, 0.8981715440750122, 0.8133611679077148, -1.0, 0.7670989036560059, 0.7758920192718506, 0.7758920192718506, -1.0, -1.0, 0.9262647032737732, 0.6796401739120483, 0.8919803500175476, 0.9919929504394531, 0.6047152280807495, 0.8620806932449341, 0.6940488219261169, 0.6266009211540222, 0.5117807388305664, 0.6314007043838501, 0.845291256904602, 0.7242255210876465, 0.7242255210876465, -1.0], "siamese_scores": {"0": [0.9145035147666931, 0.9542248845100403, 0.6686241626739502, 0.7822537422180176], "1": [0.9145035147666931], "2": [0.9542248845100403, 0.8609471321105957, 0.943693220615387, 0.6574998497962952, 0.6263535022735596], "3": [0.6686241626739502, 0.8609471321105957, 0.7638531923294067, 0.803017258644104, 0.5310026407241821, 0.5265804529190063], "4": [0.7822537422180176, 0.7638531923294067, 0.9911417961120605, 0.8909099698066711, 0.8779870867729187, 0.6777050495147705, 0.600864827632904], "5": [0.943693220615387, 0.803017258644104, 0.9911417961120605, 0.5205370783805847, 0.8127273917198181, 0.6916797757148743], "6": [0.6574998497962952, 0.8909099698066711, 0.5205370783805847, 0.5018296837806702, 0.6561190485954285, 0.8759747743606567, 0.7039916515350342], "7": [0.6263535022735596, 0.8779870867729187, 0.5018296837806702, 0.8756544589996338, 0.6295469999313354, 0.895849347114563, 0.6743069291114807], "8": [0.6777050495147705, 0.9112662076950073, 0.7594278454780579, 0.9167655110359192, 0.6799976229667664], "9": [0.600864827632904, 0.9582871198654175, 0.8611996173858643, 0.517792284488678, 0.916100263595581, 0.7031225562095642], "10": [0.5310026407241821, 0.6561190485954285, 0.8756544589996338, 0.9112662076950073, 0.9582871198654175, 0.6603254675865173, 0.5109701156616211], "11": [0.5265804529190063, 0.6295469999313354, 0.7594278454780579, 0.8611996173858643, 0.6603254675865173, 0.7390419244766235], "12": [0.517792284488678, 0.964725136756897, 0.5492717623710632], "13": [0.9792962074279785, 0.6227614879608154], "14": [0.8127273917198181, 0.8759747743606567, 0.895849347114563, 0.9167655110359192, 0.916100263595581, 0.5109701156616211, 0.7390419244766235, 0.964725136756897, 0.9792962074279785, 0.9264854788780212, 0.9561591744422913, 0.8170642256736755, 0.5453094244003296], "15": [0.9264854788780212, 0.7572404146194458, 0.5959540009498596], "16": [0.5492717623710632, 0.6227614879608154, 0.9561591744422913, 0.7572404146194458, 0.6798696517944336, 0.9269306063652039, 0.7664949297904968], "17": [0.8170642256736755, 0.5959540009498596, 0.6798696517944336, 0.9156103730201721, 0.9217362999916077], "18": [0.6916797757148743, 0.7039916515350342, 0.6743069291114807, 0.6799976229667664, 0.7031225562095642, 0.9269306063652039, 0.9156103730201721, 0.6794285178184509, 0.6723988056182861, 0.5911548733711243], "19": [0.7664949297904968, 0.9217362999916077, 0.6794285178184509, 0.5139724016189575, 0.5609418153762817], "20": [0.6723988056182861, 0.5139724016189575, 0.7417320013046265], "21": [0.5453094244003296, 0.5911548733711243, 0.5609418153762817, 0.7417320013046265, 0.638180673122406], "22": [0.638180673122406], "23": [], "24": [], "25": [], "26": [0.9169665575027466, 0.9409120082855225], "27": [0.9169665575027466], "28": [0.9409120082855225], "29": [], "30": [], "31": [0.9849859476089478], "32": [0.5356621146202087], "33": [0.9849859476089478, 0.5356621146202087]}}