{"faster_rcnn_scores": [0.6721580028533936, 0.8095110058784485, 0.9560028910636902, -1.0, 0.6180728077888489, 0.6989945769309998, -1.0, 0.5679633617401123, 0.8941898941993713, 0.7411777377128601, -1.0, 0.9464633464813232, 0.9239345788955688, 0.7696722149848938, 0.8215203285217285, 0.9775667786598206, 0.6277002692222595, 0.9574753046035767, 0.7249399423599243, -1.0, 0.6269946098327637, 0.9751808643341064, 0.6751300692558289, 0.7731337547302246, 0.8749101758003235, 0.9043813347816467, 0.914438009262085, 0.9065778255462646, 0.6751300692558289, -1.0, 0.557315468788147, 0.9709897041320801, 0.8119480013847351, 0.5309642553329468, 0.8905948996543884, 0.5264393091201782, 0.8314953446388245, 0.9060373306274414, 0.8314953446388245, 0.6835775971412659, 0.9008198380470276, 0.5236674547195435, 0.9274436235427856, 0.5236674547195435, 0.7748742699623108, 0.531382143497467, 0.5598992705345154, 0.6074399948120117, 0.8992765545845032, 0.8992765545845032, 0.9136930108070374, 0.8774431347846985, 0.9526526927947998, 0.6473153233528137, 0.5143994092941284, 0.928484320640564, 0.9835366606712341, 0.6615906953811646, 0.6509121060371399, 0.9616441130638123, 0.7575485706329346, 0.8810326457023621, 0.7178059816360474, 0.959588885307312, 0.724332332611084, 0.7954808473587036, 0.866576611995697, 0.8184011578559875, 0.7948718070983887, 0.6537845730781555, -1.0, -1.0, -1.0, -1.0, -1.0, -1.0, 0.672082781791687, -1.0, -1.0, 0.7823869585990906, 0.5629720091819763, -1.0, 0.8063569664955139, -1.0], "siamese_scores": {"0": [0.9885669946670532, 0.5714894533157349], "1": [0.8057441711425781, 0.5582977533340454], "2": [0.9885669946670532, 0.8057441711425781, 0.9963265061378479, 0.7870058417320251, 0.7005980610847473], "3": [0.9963265061378479, 0.9801869988441467], "4": [0.9801869988441467, 0.9635213017463684, 0.7107383012771606, 0.8738532662391663, 0.9136055111885071, 0.7848321795463562, 0.5799180269241333, 0.5348333120346069, 0.5037580132484436, 0.7177479267120361, 0.63988196849823], "5": [0.783098042011261, 0.9543783664703369, 0.8197748064994812, 0.9097007513046265], "6": [0.7870058417320251, 0.9635213017463684, 0.783098042011261, 0.9655051231384277, 0.8403507471084595, 0.5328918099403381, 0.8345544934272766, 0.682866096496582, 0.6746504902839661, 0.70796799659729, 0.9256229400634766, 0.8098348379135132], "7": [0.7107383012771606, 0.9655051231384277, 0.933491051197052, 0.6031856536865234], "8": [0.8738532662391663, 0.9543783664703369, 0.8403507471084595, 0.9197447896003723, 0.6968023180961609], "9": [0.5328918099403381, 0.9197447896003723, 0.8287770748138428, 0.9238118529319763, 0.9104640483856201, 0.502125084400177], "10": [0.7005980610847473, 0.9136055111885071, 0.933491051197052, 0.8287770748138428, 0.9670183658599854, 0.8563215136528015, 0.8480051159858704, 0.870611310005188, 0.8471220135688782, 0.7164967060089111, 0.9383404850959778, 0.8291248679161072], "11": [0.8345544934272766, 0.9670183658599854, 0.7662990689277649], "12": [0.7848321795463562, 0.8197748064994812, 0.9238118529319763, 0.8563215136528015, 0.8393847346305847], "13": [0.682866096496582, 0.8480051159858704, 0.6035541892051697, 0.5053810477256775, 0.8672800064086914], "14": [0.6746504902839661, 0.870611310005188, 0.6035541892051697, 0.9108907580375671, 0.6949867010116577], "15": [0.6968023180961609, 0.8393847346305847, 0.98128741979599, 0.5448300242424011], "16": [0.70796799659729, 0.8471220135688782, 0.5053810477256775, 0.5397939085960388, 0.956074059009552], "17": [0.7164967060089111, 0.5397939085960388, 0.9721055626869202, 0.8150786757469177], "18": [0.5714894533157349, 0.9256229400634766, 0.6031856536865234, 0.9383404850959778, 0.7662990689277649, 0.8672800064086914, 0.9108907580375671, 0.956074059009552, 0.9721055626869202, 0.9626721739768982, 0.7124975323677063, 0.5019322633743286], "19": [0.5799180269241333, 0.9097007513046265, 0.9104640483856201, 0.98128741979599, 0.9626721739768982, 0.8838426470756531, 0.5901151895523071], "20": [0.8098348379135132, 0.8291248679161072, 0.6949867010116577, 0.8150786757469177, 0.7706127166748047, 0.7820478677749634, 0.8534899353981018], "21": [0.8838426470756531, 0.6966596841812134, 0.8791584372520447, 0.9101917743682861, 0.51483553647995], "22": [0.7706127166748047, 0.6966596841812134, 0.7352479100227356, 0.6010739207267761, 0.7057021260261536], "23": [0.8791584372520447, 0.7352479100227356], "24": [0.5582977533340454, 0.9442555904388428, 0.8327547907829285], "25": [0.7820478677749634, 0.6010739207267761, 0.9366230964660645], "26": [0.5348333120346069, 0.6020461916923523, 0.5495671033859253], "27": [0.502125084400177, 0.5448300242424011, 0.5901151895523071, 0.9101917743682861, 0.9442555904388428, 0.5399729609489441], "28": [0.5037580132484436, 0.6020461916923523], "29": [0.7124975323677063, 0.8534899353981018, 0.51483553647995, 0.7057021260261536, 0.8327547907829285, 0.9366230964660645, 0.5399729609489441, 0.8767927885055542, 0.971771240234375, 0.7216053605079651, 0.8283852934837341, 0.6726731061935425, 0.6717415452003479, 0.7739270329475403], "30": [0.5019322633743286, 0.8767927885055542, 0.5570071339607239], "31": [0.971771240234375, 0.5384491682052612], "32": [0.7177479267120361], "33": [0.7216053605079651], "34": [0.8283852934837341, 0.6207844614982605, 0.5139119625091553], "35": [0.6207844614982605, 0.6110934019088745, 0.8753898739814758], "36": [0.6110934019088745, 0.5331445336341858, 0.7153849601745605, 0.5841239094734192], "37": [0.6281906366348267, 0.9123386144638062, 0.5774078369140625], "38": [0.63988196849823, 0.5331445336341858, 0.6281906366348267, 0.6724604368209839, 0.6648197770118713], "39": [0.6726731061935425, 0.7181318998336792, 0.5765079259872437], "40": [0.9780675768852234, 0.5899412631988525, 0.7933568358421326, 0.847278356552124, 0.5065109729766846], "41": [0.5570071339607239, 0.8753898739814758, 0.7153849601745605, 0.9123386144638062, 0.6724604368209839, 0.7181318998336792, 0.9780675768852234, 0.6327551603317261, 0.5867007970809937], "42": [0.5899412631988525, 0.6327551603317261, 0.9160248041152954, 0.7998953461647034, 0.8008802533149719], "43": [0.5495671033859253, 0.6648197770118713, 0.9160248041152954, 0.5770761370658875, 0.7578654885292053, 0.6250267028808594], "44": [0.5841239094734192, 0.5774078369140625, 0.9769620895385742, 0.9665187001228333, 0.8706281781196594, 0.7175685167312622], "45": [0.9769620895385742, 0.6614201664924622, 0.9893217086791992, 0.9576978087425232, 0.6606865525245667], "46": [0.5867007970809937, 0.5770761370658875, 0.9665187001228333, 0.6614201664924622, 0.8824975490570068], "47": [0.7578654885292053, 0.8706281781196594, 0.7244733572006226, 0.557810366153717], "48": [0.6717415452003479, 0.7933568358421326, 0.7998953461647034, 0.9893217086791992, 0.7244733572006226, 0.7415968179702759, 0.8549277782440186, 0.9495803713798523, 0.5126519203186035, 0.6017758846282959, 0.6201665997505188, 0.5354121327400208], "49": [0.7739270329475403, 0.5765079259872437, 0.847278356552124, 0.8008802533149719, 0.7175685167312622, 0.9576978087425232, 0.8824975490570068, 0.7415968179702759, 0.6403799057006836, 0.9678575396537781, 0.9946028590202332, 0.566665530204773], "50": [0.557810366153717, 0.7466025352478027, 0.8531702756881714, 0.9317150712013245, 0.6473711133003235], "51": [0.6403799057006836, 0.897551417350769, 0.977111279964447, 0.5223448276519775, 0.5922471880912781], "52": [0.8549277782440186, 0.9678575396537781, 0.7466025352478027, 0.897551417350769, 0.8652530312538147], "53": [0.6250267028808594, 0.8531702756881714, 0.9344214797019958, 0.5343537330627441, 0.7192502021789551, 0.5697371959686279], "54": [0.9344214797019958, 0.5762262344360352], "55": [0.5343537330627441, 0.9989572763442993, 0.5553138256072998, 0.5759702920913696],