{"faster_rcnn_scores": [0.7485888004302979, 0.7485888004302979, 0.7388415932655334, 0.7485888004302979, 0.7310281991958618, -1.0, -1.0, 0.6381822824478149, 0.8239662051200867, 0.7903807163238525, 0.6523976922035217, 0.7903807163238525, 0.593161404132843, 0.6614940166473389, 0.7813207507133484, 0.7813207507133484, 0.8518047332763672, 0.7829762697219849, 0.6775283813476562, 0.8665801882743835, -1.0, 0.9022586345672607, 0.8214473724365234, 0.5091482400894165, -1.0, 0.6159854531288147, 0.7648619413375854, 0.5868238210678101, 0.9768306016921997, 0.7918592691421509, -1.0, 0.5071300864219666, 0.6845452785491943, 0.7870457172393799, -1.0, -1.0, 0.6927477717399597, -1.0, -1.0, -1.0, 0.740436315536499, 0.6545817852020264, 0.9374839067459106, 0.8744876980781555, 0.7143632173538208, 0.8947649002075195, 0.6777186393737793, 0.52155601978302, 0.52155601978302, 0.6999486684799194, 0.6086994409561157, 0.5532267093658447, 0.888709306716919, 0.8945822715759277, 0.8842585682868958, -1.0, 0.8842585682868958, 0.5771641135215759, 0.5771641135215759, -1.0, 0.7896690964698792, 0.6072352528572083, 0.6072352528572083, 0.8791928887367249, 0.7242546081542969, 0.6551796793937683, 0.7171686887741089, 0.5811775922775269, 0.6156555414199829, 0.7199601531028748, 0.9889430999755859, -1.0, 0.9310194253921509, 0.7273969650268555, 0.7273969650268555, 0.7273969650268555, 0.7273969650268555, 0.5723546147346497], "siamese_scores": {"0": [0.5020109415054321, 0.8598403930664062, 0.5516213774681091, 0.532874584197998], "1": [0.6431597471237183, 0.509644627571106, 0.6293494701385498, 0.7333431243896484], "2": [0.9851948618888855, 0.9884997010231018, 0.6959542632102966, 0.7119644284248352, 0.6696736812591553, 0.7135801911354065, 0.6331153512001038, 0.5207664370536804, 0.5762006044387817, 0.612560510635376], "3": [0.826381266117096, 0.9015917778015137, 0.6766831278800964, 0.6623684763908386, 0.8012680411338806], "4": [0.9984766840934753, 0.9943260550498962, 0.8777355551719666, 0.7492426037788391, 0.6863054037094116, 0.6048789024353027, 0.6190850138664246, 0.5144014954566956, 0.773231565952301], "5": [0.9851948618888855, 0.9984766840934753, 0.6069977283477783, 0.9662893414497375, 0.6905503273010254, 0.5984131097793579, 0.8894412517547607, 0.9304468035697937, 0.586111307144165, 0.5268104672431946, 0.9594541192054749, 0.6955033540725708, 0.5073302984237671], "6": [0.9884997010231018, 0.9943260550498962, 0.6069977283477783, 0.9824509024620056, 0.872901976108551, 0.9602226614952087, 0.9114708304405212, 0.8584151268005371, 0.9775700569152832, 0.9498111009597778, 0.7895874381065369, 0.6150756478309631, 0.9486355781555176, 0.5380518436431885, 0.5556354522705078, 0.8809352517127991], "7": [0.9662893414497375, 0.9824509024620056, 0.961766242980957, 0.8902214169502258, 0.69803386926651, 0.6387044787406921], "8": [0.6905503273010254, 0.872901976108551, 0.7290579676628113, 0.8005020022392273, 0.6439599990844727], "9": [0.6431597471237183, 0.5984131097793579, 0.9602226614952087, 0.961766242980957, 0.7290579676628113, 0.6642540693283081, 0.9671042561531067, 0.7612416744232178], "10": [0.6959542632102966, 0.8777355551719666, 0.8894412517547607, 0.9114708304405212, 0.9504119753837585, 0.9713238477706909, 0.9116970896720886, 0.5462624430656433], "11": [0.509644627571106, 0.8584151268005371, 0.8902214169502258, 0.8463532328605652, 0.9783045053482056, 0.7676745057106018], "12": [0.5020109415054321, 0.826381266117096, 0.8005020022392273, 0.6991508603096008, 0.6336107850074768], "13": [0.7119644284248352, 0.7492426037788391, 0.9304468035697937, 0.9775700569152832, 0.6642540693283081, 0.9504119753837585, 0.8463532328605652, 0.5579414963722229, 0.776867687702179, 0.9476285576820374, 0.8502026796340942, 0.7072214484214783, 0.8770691752433777, 0.5697306990623474], "14": [0.6293494701385498, 0.586111307144165, 0.9498111009597778, 0.69803386926651, 0.9671042561531067, 0.9713238477706909, 0.9783045053482056, 0.6991508603096008, 0.5579414963722229, 0.9566728472709656, 0.9815986752510071, 0.9825610518455505, 0.9047275185585022], "15": [0.7895874381065369, 0.7612416744232178, 0.7676745057106018, 0.776867687702179, 0.9566728472709656, 0.6133716702461243, 0.8491321802139282, 0.5420986413955688, 0.602494478225708], "16": [0.6696736812591553, 0.6863054037094116, 0.5268104672431946, 0.6150756478309631, 0.9476285576820374, 0.9815986752510071, 0.6133716702461243, 0.9885386824607849, 0.8557266592979431, 0.802977979183197], "17": [0.6387044787406921, 0.8502026796340942, 0.9825610518455505, 0.8491321802139282, 0.8853298425674438], "18": [0.6048789024353027, 0.9594541192054749, 0.9486355781555176, 0.9116970896720886, 0.9885386824607849, 0.8853298425674438, 0.676272988319397, 0.9909624457359314, 0.9472777843475342, 0.6680580973625183, 0.9634740352630615, 0.5932965278625488, 0.8020583391189575], "19": [0.6336107850074768, 0.676272988319397, 0.9878947138786316, 0.7521497011184692, 0.6926530003547668], "20": [0.8598403930664062, 0.7333431243896484, 0.9015917778015137, 0.6439599990844727, 0.9047275185585022, 0.5420986413955688, 0.9909624457359314, 0.9878947138786316, 0.8489482402801514, 0.8487979173660278], "21": [0.7135801911354065, 0.6190850138664246, 0.5380518436431885, 0.7072214484214783, 0.9472777843475342, 0.9698551893234253, 0.9602422118186951], "22": [0.5516213774681091, 0.6766831278800964, 0.6680580973625183, 0.7521497011184692, 0.8489482402801514, 0.7580680251121521, 0.5702861547470093], "23": [0.6955033540725708, 0.5556354522705078, 0.5462624430656433, 0.8557266592979431, 0.8487979173660278, 0.9698551893234253, 0.7580680251121521, 0.9785621762275696, 0.6856322884559631, 0.8381025791168213, 0.5200135707855225, 0.8881337642669678, 0.7630608081817627, 0.772671639919281], "24": [0.8770691752433777, 0.802977979183197, 0.9634740352630615, 0.9602422118186951, 0.9785621762275696, 0.8483530879020691, 0.9711988568305969, 0.9786207675933838, 0.8807322382926941, 0.6720211505889893, 0.6453127861022949, 0.6289225816726685], "25": [0.6856322884559631, 0.8483530879020691, 0.9432641863822937, 0.9471471905708313, 0.72200608253479, 0.5126986503601074, 0.5311503410339355, 0.6148848533630371, 0.6487799882888794], "26": [0.6331153512001038, 0.5144014954566956, 0.8381025791168213, 0.9711988568305969, 0.9432641863822937, 0.8273423910140991, 0.5798197388648987], "27": [0.5073302984237671, 0.8809352517127991, 0.9786207675933838, 0.9471471905708313, 0.8273423910140991, 0.8660040497779846, 0.9324876070022583, 0.7695725560188293, 0.6059515476226807, 0.9099326133728027, 0.591113805770874, 0.6732757687568665, 0.5093614459037781], "28": [0.5585525035858154, 0.9914748668670654, 0.6079938411712646], "29": [0.5200135707855225, 0.8807322382926941, 0.72200608253479, 0.8660040497779846, 0.5585525035858154, 0.6292105913162231, 0.9084070920944214, 0.5978211164474487], "30": [0.602494478225708, 0.9324876070022583, 0.9914748668670654, 0.6292105913162231, 0.7496983408927917, 0.5614941716194153, 0.5648589730262756, 0.6105313301086426], "31": [0.5207664370536804, 0.6720211505889893, 0.5126986503601074, 0.7695725560188293, 0.5187630653381348, 0.9476370215415955, 0.5959041118621826], "32": [0.6623684763908386, 0.8306272625923157], "33": [0.6453127861022949, 0.6059515476226807, 0.5187630653381348, 0.9821470379829407, 0.703677237033844, 0.5496434569358826, 0.6594593524932861], "34": [0.532874584197998, 0.8012680411338806, 0.6926530003547668, 0.5702861547470093, 0.6079938411712646, 0.8306272625923157], "35": [0.5932965278625488, 0.8881337642669678, 0.5311503410339355, 0.5798197388648987, 0.9099326133728027, 0.9084070920944214, 0.9476370215415955, 0.9821470379829407, 0.7185073494911194, 0.7183946967124939, 0.7998555302619934], "36": [0.5762006044387817, 0.591113805770874, 0.5978211164474487, 0.5959041118621826, 0.703677237033844, 0.7185073494911194, 0.8333297967910767, 0.8949430584907532, 0.5639645457267761, 0.6129627823829651, 0.5450164079666138, 0.5285833477973938, 0.635933518409729],