{"label": {"acc": 0.5833333333333334, "precision": 0.6997053140096618, "recall": 0.5833333333333334, "f_score": 0.6213552576455804}, "linking": {"acc": 0.003940886699507389, "precision": 0.004106776180698152, "recall": 0.08888888888888889, "f_score": 0.007850834151128559}}