{"faster_rcnn_scores": [0.9504469037055969, 0.856066882610321, -1.0, -1.0, 0.8901588916778564, 0.8791376352310181, 0.93841153383255, 0.8465443849563599, 0.962647557258606, 0.6600998640060425, 0.6578887701034546, 0.7667491436004639, 0.7667491436004639, 0.7667491436004639, 0.7667491436004639, 0.7667491436004639, 0.7667491436004639, 0.7667491436004639, 0.7667491436004639, 0.5960396528244019, 0.8613914251327515, 0.6757567524909973, 0.6757567524909973, 0.6757567524909973, 0.8321300148963928, -1.0, -1.0, 0.5746756196022034, 0.5746756196022034, 0.5746756196022034, 0.5746756196022034, -1.0, 0.6928306221961975, 0.9343140721321106, 0.6097617149353027, 0.9072971343994141, 0.6986871957778931, 0.9322197437286377, 0.6810635328292847, 0.8303217887878418, 0.7481316328048706, 0.9778467416763306, 0.8351156115531921, 0.8533139824867249, 0.9713548421859741, 0.8566786646842957, 0.8143696188926697, -1.0, 0.960289716720581, 0.8453688025474548, 0.5742858648300171, 0.9432738423347473, 0.7603164315223694, 0.852903425693512, 0.9280062913894653, -1.0], "siamese_scores": {"0": [0.9486368894577026, 0.9107635617256165, 0.7425574064254761], "1": [0.9486368894577026, 0.8259251713752747], "2": [0.9107635617256165, 0.8259251713752747, 0.7243821024894714], "3": [0.7425574064254761, 0.5305740833282471, 0.5692131519317627, 0.9259678721427917], "4": [0.5305740833282471, 0.8962109684944153, 0.5723421573638916], "5": [0.7243821024894714, 0.5692131519317627, 0.8962109684944153, 0.9746689200401306, 0.5898101329803467, 0.8493512868881226, 0.5263913869857788, 0.5082932710647583], "6": [0.9746689200401306, 0.8859450817108154], "7": [0.5898101329803467], "8": [0.8493512868881226, 0.9104263186454773, 0.8426014184951782], "9": [0.9259678721427917, 0.5723421573638916, 0.5263913869857788, 0.8859450817108154, 0.9104263186454773, 0.9076315760612488], "10": [0.8426014184951782, 0.9076315760612488, 0.6970018148422241, 0.8533269762992859, 0.8377516865730286, 0.9167320728302002, 0.7638707160949707, 0.7009947896003723, 0.6882811784744263], "11": [0.6970018148422241, 0.5557006001472473, 0.6573739051818848, 0.6200499534606934], "12": [0.8533269762992859, 0.5557006001472473, 0.5092859268188477, 0.7277388572692871, 0.5276004672050476, 0.5541629195213318], "13": [0.8377516865730286, 0.5092859268188477, 0.8738642930984497, 0.5822614431381226, 0.6367964744567871], "14": [0.9167320728302002, 0.6573739051818848, 0.7277388572692871, 0.8738642930984497, 0.8177695274353027, 0.7568771243095398, 0.6438194513320923, 0.5231590270996094, 0.8148664832115173, 0.8426372408866882, 0.7024319767951965], "15": [0.7638707160949707, 0.8177695274353027, 0.5326923131942749, 0.5641002655029297, 0.6763286590576172], "16": [0.7009947896003723, 0.7568771243095398, 0.5326923131942749, 0.5077543258666992, 0.5192338228225708, 0.6864426732063293, 0.7069020867347717, 0.506689727306366], "17": [0.6882811784744263, 0.6438194513320923, 0.5077543258666992, 0.6982943415641785, 0.583293616771698, 0.6662331223487854], "18": [0.5231590270996094, 0.5192338228225708, 0.6982943415641785, 0.7121471166610718], "19": [0.5082932710647583, 0.7121471166610718], "20": [0.8842645883560181, 0.8426903486251831, 0.8958945870399475, 0.6305117607116699, 0.7030211687088013], "21": [0.8842645883560181, 0.8288779854774475, 0.7626006007194519, 0.786460280418396, 0.7687625885009766, 0.5112617611885071, 0.5503209233283997], "22": [0.8426903486251831, 0.955323338508606, 0.9201613068580627, 0.8754245042800903, 0.8400070071220398, 0.7223098874092102], "23": [0.8958945870399475, 0.8288779854774475, 0.955323338508606, 0.9823211431503296, 0.9947993755340576, 0.9848015904426575, 0.7122049927711487, 0.5986480116844177, 0.514018714427948, 0.9198938608169556], "24": [0.7626006007194519, 0.9201613068580627, 0.9823211431503296, 0.9925116300582886, 0.9873108863830566, 0.894639790058136, 0.8988549709320068, 0.9642397165298462, 0.9230585098266602, 0.6329087018966675], "25": [0.6200499534606934, 0.5276004672050476, 0.5822614431381226, 0.8148664832115173, 0.5641002655029297, 0.6864426732063293, 0.583293616771698, 0.786460280418396, 0.8754245042800903, 0.9947993755340576, 0.9925116300582886, 0.9935160875320435, 0.9493069648742676, 0.9815788269042969, 0.9813108444213867], "26": [0.5541629195213318, 0.6367964744567871, 0.8426372408866882, 0.6763286590576172, 0.7069020867347717, 0.6662331223487854, 0.7687625885009766, 0.8400070071220398, 0.9848015904426575, 0.9873108863830566, 0.99808669090271, 0.9617664813995361, 0.98406583070755, 0.9859288334846497], "27": [0.6305117607116699, 0.894639790058136, 0.9935160875320435, 0.99808669090271, 0.8728519082069397, 0.9338729381561279, 0.618729293346405, 0.9738773107528687, 0.6155796647071838, 0.5323458909988403, 0.6474973559379578, 0.7471269369125366, 0.5002697110176086], "28": [0.8988549709320068, 0.9493069648742676, 0.9617664813995361, 0.8728519082069397, 0.8541475534439087, 0.9223110675811768, 0.9347230792045593, 0.7784857153892517, 0.5733900666236877], "29": [0.9642397165298462, 0.9815788269042969, 0.98406583070755, 0.9338729381561279, 0.8541475534439087, 0.939526379108429, 0.9936953186988831, 0.9561312794685364, 0.8229767680168152, 0.83999103307724, 0.972337543964386, 0.5260156989097595], "30": [0.7030211687088013, 0.9230585098266602, 0.9813108444213867, 0.9859288334846497, 0.618729293346405, 0.9223110675811768, 0.939526379108429, 0.9996640682220459, 0.8203777074813843, 0.7510311007499695, 0.8585450649261475, 0.9833523035049438, 0.6934109330177307, 0.6702411770820618, 0.6791834831237793, 0.5254809260368347, 0.7291024327278137], "31": [0.7024319767951965, 0.506689727306366, 0.5112617611885071, 0.7223098874092102, 0.7122049927711487, 0.6329087018966675, 0.9738773107528687, 0.9347230792045593, 0.9936953186988831, 0.9996640682220459, 0.8574422001838684, 0.9634550213813782, 0.980810821056366, 0.8781585693359375, 0.8159684538841248, 0.9683148264884949, 0.6006370186805725, 0.6389157772064209], "32": [0.8574422001838684, 0.6290441751480103, 0.5542361736297607, 0.8379917740821838, 0.9769262671470642, 0.5025424957275391], "33": [0.6155796647071838, 0.7784857153892517, 0.9561312794685364, 0.8203777074813843, 0.9634550213813782, 0.6290441751480103, 0.8677054047584534, 0.9098620414733887], "34": [0.980810821056366, 0.5542361736297607, 0.8677054047584534, 0.510211706161499, 0.996450662612915, 0.8301857113838196], "35": [0.5986480116844177, 0.5323458909988403, 0.8229767680168152, 0.7510311007499695, 0.8781585693359375, 0.510211706161499, 0.5492610335350037, 0.9727810621261597], "36": [0.8379917740821838, 0.9869186282157898], "37": [0.514018714427948, 0.6474973559379578, 0.83999103307724, 0.8585450649261475, 0.8159684538841248, 0.5492610335350037, 0.9903963804244995], "38": [0.5503209233283997, 0.9198938608169556, 0.7471269369125366, 0.5733900666236877, 0.972337543964386, 0.9833523035049438, 0.9683148264884949, 0.9769262671470642, 0.9098620414733887, 0.996450662612915, 0.9727810621261597, 0.9869186282157898, 0.9903963804244995, 0.8690829873085022, 0.9280222058296204, 0.9226493835449219, 0.9955435395240784, 0.6575952172279358, 0.9513221979141235, 0.933481752872467], "39": [0.5025424957275391, 0.8690829873085022, 0.802666962146759, 0.5334078073501587], "40": [0.9280222058296204, 0.802666962146759, 0.7897412776947021], "41": [0.5002697110176086, 0.5260156989097595, 0.6934109330177307, 0.6006370186805725, 0.9226493835449219, 0.8355256915092468], "42": [0.6389157772064209, 0.9955435395240784, 0.5334078073501587, 0.8355256915092468, 0.8578216433525085], "43": [0.5115927457809448], "44": [0.6702411770820618, 0.6575952172279358], "45": [0.5115927457809448, 0.7213184833526611], "46": [0.6791834831237793, 0.9015173316001892], "47": [0.8301857113838196, 0.9513221979141235, 0.8578216433525085, 0.9015173316001892, 0.8935054540634155, 0.9535567760467529], "48": [0.7213184833526611, 0.8935054540634155, 0.9603599905967712, 0.8964833617210388], "49": [0.9603599905967712], "50": [0.933481752872467, 0.9535567760467529, 0.5224002599716187, 0.5808601379394531],