{"label": {"acc": 0.625, "precision": 0.7633884803921568, "recall": 0.625, "f_score": 0.6411674528301886}, "linking": {"acc": 0.007509386733416771, "precision": 0.008021390374331552, "recall": 0.10526315789473684, "f_score": 0.014906832298136647}}