{"faster_rcnn_scores": [-1.0, 0.7402961850166321, 0.5480744242668152, 0.6484043598175049, -1.0, -1.0, 0.5105562210083008, -1.0, 0.8361143469810486, -1.0, 0.5081807971000671, -1.0, 0.5081807971000671, -1.0, -1.0, 0.6642734408378601, 0.6331651210784912, 0.9212227463722229, 0.93809974193573, -1.0, 0.9422225952148438, 0.9422225952148438, 0.8087013363838196, 0.9457733631134033, 0.9431456327438354, 0.8078718781471252, 0.9407862424850464, -1.0, 0.8696390390396118, 0.7426552176475525, 0.9580958485603333, 0.6324849724769592, 0.6610711812973022, 0.8986682295799255, -1.0, 0.5182793140411377, 0.5385716557502747, 0.5385716557502747, 0.5385716557502747, 0.8382163047790527, 0.9336667060852051, 0.5649803280830383, -1.0, -1.0, 0.5915696024894714, 0.5696635246276855, 0.5288907885551453, 0.8351403474807739, 0.6455088257789612, 0.5223984122276306, 0.7191072106361389, 0.6704235672950745, 0.5256191492080688, -1.0, 0.9499318599700928, 0.9361615180969238, -1.0, 0.7265475988388062, 0.7168234586715698, 0.8725079298019409, 0.9036712646484375, 0.8442431092262268, 0.8216354846954346, 0.8937042951583862, 0.6118763089179993, 0.8429530262947083, 0.8932476043701172, 0.5267740488052368, 0.8023133277893066, 0.5267740488052368, 0.616165816783905, 0.6540257930755615], "siamese_scores": {"0": [0.9820855855941772, 0.9539121389389038], "1": [0.9991834759712219, 0.9574612379074097, 0.5535053610801697], "2": [0.9820855855941772, 0.9991834759712219, 0.9693648219108582, 0.7160083055496216, 0.8804416060447693], "3": [0.9539121389389038, 0.9574612379074097, 0.9969668984413147, 0.8605618476867676, 0.9568436145782471, 0.745864748954773, 0.8955200910568237], "4": [0.9693648219108582, 0.9969668984413147, 0.9633185863494873, 0.8774998188018799, 0.8645887970924377, 0.6428089737892151], "5": [0.8605618476867676, 0.8423267006874084, 0.5640894174575806], "6": [0.7160083055496216, 0.9568436145782471, 0.9633185863494873, 0.8423267006874084, 0.6018498539924622, 0.8530330657958984, 0.808185338973999], "7": [0.745864748954773, 0.6018498539924622, 0.6093068718910217], "8": [0.8855582475662231, 0.6783245801925659, 0.538362979888916], "9": [0.7770799994468689, 0.7466034293174744, 0.6493634581565857, 0.6906471848487854], "10": [0.8774998188018799, 0.8530330657958984, 0.8855582475662231, 0.7770799994468689, 0.7423931956291199, 0.506704568862915, 0.6272835731506348, 0.7213820815086365, 0.534041166305542, 0.5208784341812134, 0.6969767808914185], "11": [0.7423931956291199, 0.8167185187339783, 0.8792665004730225, 0.7371033430099487, 0.7036393284797668, 0.5392884612083435], "12": [0.8645887970924377, 0.808185338973999, 0.6783245801925659, 0.506704568862915, 0.8167185187339783, 0.9552649855613708, 0.5936381816864014, 0.7673140168190002, 0.5418556332588196, 0.5311484932899475, 0.6508176922798157], "13": [0.5535053610801697, 0.7466034293174744, 0.6272835731506348, 0.8792665004730225, 0.9552649855613708, 0.5111101269721985, 0.9752210974693298, 0.5077305436134338], "14": [0.6493634581565857, 0.7371033430099487, 0.5936381816864014, 0.5111101269721985, 0.989600419998169, 0.7553315758705139, 0.5158325433731079], "15": [0.7213820815086365, 0.7673140168190002, 0.9639121294021606], "16": [0.6906471848487854, 0.7036393284797668, 0.9752210974693298, 0.989600419998169, 0.8962893486022949], "17": [0.6428089737892151, 0.538362979888916, 0.5392884612083435, 0.5077305436134338, 0.7553315758705139, 0.9639121294021606, 0.8962893486022949, 0.9948299527168274, 0.9930938482284546, 0.9565637707710266, 0.9704481363296509, 0.6016491651535034, 0.8088778257369995], "18": [0.534041166305542, 0.5418556332588196, 0.9948299527168274, 0.8411511778831482, 0.5284128785133362], "19": [0.8804416060447693, 0.8955200910568237, 0.5208784341812134, 0.5311484932899475, 0.9930938482284546, 0.8411511778831482, 0.8657432794570923, 0.9197832345962524, 0.9765723347663879, 0.9478352069854736, 0.842450737953186, 0.8568657636642456], "20": [0.9565637707710266, 0.5284128785133362, 0.8657432794570923, 0.7600797414779663], "21": [0.9704481363296509, 0.9197832345962524, 0.7600797414779663, 0.8102410435676575, 0.5249292254447937], "22": [0.6016491651535034, 0.9765723347663879, 0.8102410435676575, 0.6810375452041626, 0.5788643956184387], "23": [0.8088778257369995, 0.5249292254447937, 0.6810375452041626], "24": [0.9478352069854736], "25": [0.842450737953186, 0.972801685333252, 0.9841200709342957, 0.6544660329818726], "26": [0.972801685333252, 0.593484103679657], "27": [0.9841200709342957, 0.9209583401679993, 0.9628311991691589, 0.5588431358337402, 0.5635368824005127, 0.5927792191505432], "28": [0.8568657636642456, 0.593484103679657, 0.9209583401679993, 0.7957435846328735, 0.8884031176567078, 0.8978849649429321, 0.584040641784668, 0.7211178541183472], "29": [0.7957435846328735, 0.6502902507781982], "30": [0.8884031176567078, 0.8862243294715881, 0.5790954232215881, 0.689892053604126, 0.5080807209014893, 0.522575318813324], "31": [0.5640894174575806, 0.6093068718910217, 0.9628311991691589, 0.6502902507781982, 0.8562940955162048, 0.5708267688751221], "32": [0.5788643956184387, 0.6544660329818726, 0.8978849649429321, 0.8562940955162048, 0.5586603283882141], "33": [0.584040641784668, 0.8862243294715881, 0.5708267688751221, 0.5586603283882141, 0.9884528517723083, 0.9135235548019409, 0.8790162205696106, 0.8515138626098633, 0.8240594267845154], "34": [0.6969767808914185, 0.6508176922798157, 0.7211178541183472, 0.5790954232215881, 0.9884528517723083, 0.9951523542404175, 0.9770928621292114, 0.9493380188941956, 0.8953227400779724, 0.5231042504310608], "35": [0.689892053604126, 0.9135235548019409, 0.9951523542404175, 0.5204716324806213], "36": [0.8790162205696106, 0.9770928621292114, 0.8495131134986877, 0.8229535222053528, 0.7503567337989807], "37": [0.8515138626098633, 0.9493380188941956, 0.9273940324783325, 0.9169061779975891, 0.8763458132743835], "38": [0.8240594267845154, 0.8953227400779724, 0.9645888805389404, 0.9604504704475403, 0.9397422075271606], "39": [0.5231042504310608, 0.8495131134986877, 0.9273940324783325, 0.9645888805389404, 0.6525907516479492, 0.8217215538024902], "40": [0.5588431358337402], "41": [0.5635368824005127, 0.929315447807312, 0.7900952696800232, 0.7046003341674805], "42": [0.5080807209014893, 0.5204716324806213, 0.8229535222053528, 0.9169061779975891, 0.9604504704475403, 0.6525907516479492, 0.929315447807312, 0.5877074599266052, 0.8772604465484619, 0.5963630676269531, 0.7094247341156006, 0.6790286302566528, 0.8333820700645447, 0.5187833905220032, 0.800726592540741], "43": [0.522575318813324, 0.7503567337989807, 0.8763458132743835, 0.9397422075271606, 0.8217215538024902, 0.7900952696800232, 0.5877074599266052, 0.9847652912139893, 0.7411520481109619, 0.8635042905807495, 0.6680306196212769, 0.8917222619056702, 0.7163811922073364, 0.8662792444229126], "44": [0.8772604465484619, 0.9847652912139893, 0.6658022403717041], "45": [0.8534127473831177, 0.5076993703842163, 0.8066852688789368, 0.7572146654129028], "46": [0.6658022403717041, 0.8389700055122375, 0.5388104915618896], "47": [0.5963630676269531, 0.7411520481109619, 0.9413406848907471, 0.5623577237129211, 0.6129175424575806, 0.7053417563438416, 0.6510225534439087], "48": [0.8534127473831177, 0.9800376892089844, 0.9412506818771362, 0.5111421942710876, 0.8253170251846313], "49": [0.5076993703842163, 0.9800376892089844, 0.9743737578392029, 0.8055346012115479, 0.9469203948974609, 0.9386124014854431, 0.654087483882904, 0.9201451539993286, 0.8188710808753967], "50": [0.5927792191505432, 0.9743737578392029, 0.9475832581520081, 0.518315315246582], "51": [0.7094247341156006, 0.8635042905807495, 0.8389700055122375, 0.9413406848907471, 0.8055346012115479, 0.9637948274612427, 0.6204741597175598, 0.9662341475486755], "52": [0.6790286302566528, 0.6680306196212769, 0.5623577237129211, 0.9637948274612427, 0.7935677766799927, 0.845890462398529, 0.5187956094741821, 0.7868343591690063],