{"faster_rcnn_scores": [0.7374542355537415, 0.7374542355537415, -1.0, 0.8888054490089417, 0.5753847360610962, 0.7813510298728943, 0.5192728042602539, 0.8663049936294556, 0.5689300894737244, 0.6448225975036621, 0.5511070489883423, 0.540516197681427, 0.540516197681427, 0.540516197681427, 0.540516197681427, 0.7671727538108826, -1.0, -1.0, 0.7877112627029419, -1.0, 0.9087871313095093, 0.7935158014297485, 0.6380529403686523, 0.7191291451454163, 0.7983872890472412, 0.5754842162132263, 0.5754842162132263, 0.8599375486373901, 0.8246438503265381, 0.6461806297302246, 0.8276665806770325, 0.5143285393714905, 0.9206910729408264, -1.0, -1.0, 0.7346165180206299, 0.8667365908622742, 0.8829843997955322, 0.8536068797111511, -1.0, -1.0, 0.894936740398407, -1.0, -1.0, 0.6458281874656677, 0.8188621997833252, 0.553263783454895, 0.8188621997833252, 0.7628232836723328, 0.628473699092865, -1.0, 0.9939892292022705, -1.0, 0.8000361919403076, -1.0, -1.0, -1.0, -1.0, -1.0, -1.0], "siamese_scores": {"0": [0.9916662573814392, 0.5510551333427429, 0.5824906229972839], "1": [0.9934542179107666, 0.8356325626373291, 0.7494745850563049, 0.6411265730857849], "2": [0.9916662573814392, 0.9934542179107666], "3": [0.7499570250511169, 0.7362146973609924, 0.7104641199111938], "4": [0.5510551333427429, 0.8356325626373291, 0.7499570250511169, 0.908556342124939, 0.7244684100151062, 0.5108136534690857, 0.5040636658668518, 0.5272578597068787], "5": [0.908556342124939, 0.6147438883781433], "6": [0.7244684100151062], "7": [0.7362146973609924, 0.7193664908409119], "8": [0.5108136534690857, 0.6482639312744141], "9": [0.7965758442878723], "10": [0.7193664908409119, 0.6880263090133667, 0.8212823271751404], "11": [0.7494745850563049, 0.6482639312744141, 0.7965758442878723, 0.6880263090133667, 0.6737632155418396, 0.6405563354492188, 0.7019562125205994, 0.9531984925270081, 0.5307449698448181, 0.8487034440040588, 0.8811225891113281], "12": [0.6737632155418396, 0.6450441479682922, 0.6044914722442627, 0.9817095398902893, 0.509705662727356, 0.8710656762123108, 0.8322885632514954], "13": [0.6411265730857849, 0.6405563354492188, 0.6450441479682922, 0.887910783290863, 0.9939484596252441, 0.7824980020523071, 0.8909663558006287, 0.8393953442573547], "14": [0.5040636658668518, 0.7019562125205994, 0.6044914722442627, 0.887910783290863, 0.7466508150100708, 0.9664549827575684, 0.6355993151664734], "15": [0.7466508150100708, 0.9937410950660706, 0.9900571703910828, 0.823409378528595, 0.8476991057395935], "16": [0.7104641199111938, 0.8212823271751404, 0.9937410950660706, 0.7856826782226562, 0.8440989255905151], "17": [0.5824906229972839, 0.9900571703910828, 0.9925553202629089, 0.7357515096664429], "18": [0.6147438883781433, 0.9531984925270081, 0.9817095398902893, 0.9939484596252441, 0.9664549827575684, 0.7856826782226562, 0.9925553202629089, 0.9609624147415161, 0.8457997441291809, 0.7640015482902527, 0.5394899845123291], "19": [0.5272578597068787, 0.823409378528595, 0.9609624147415161, 0.8727213144302368, 0.9690305590629578, 0.5816016793251038, 0.8379101753234863, 0.675085186958313], "20": [0.5307449698448181, 0.509705662727356, 0.7824980020523071, 0.8457997441291809, 0.8727213144302368, 0.522185742855072, 0.7834864258766174, 0.5996612310409546], "21": [0.7357515096664429, 0.9690305590629578, 0.522185742855072, 0.6409924626350403], "22": [0.8440989255905151], "23": [0.8476991057395935, 0.5816016793251038, 0.6409924626350403], "24": [0.7640015482902527, 0.9693033695220947, 0.9174850583076477], "25": [0.8487034440040588, 0.8710656762123108, 0.8909663558006287, 0.8379101753234863, 0.7834864258766174, 0.9693033695220947, 0.5152617692947388, 0.9304676651954651, 0.7034286260604858], "26": [0.8811225891113281, 0.8322885632514954, 0.8393953442573547, 0.675085186958313, 0.5996612310409546, 0.9174850583076477, 0.5152617692947388, 0.9537069797515869, 0.8673058152198792], "27": [0.9304676651954651, 0.9537069797515869, 0.5082449913024902, 0.5785132646560669], "28": [0.6355993151664734, 0.7034286260604858, 0.8673058152198792, 0.5082449913024902, 0.5614607930183411, 0.7284785509109497, 0.507531464099884, 0.5809919834136963], "29": [0.5614607930183411, 0.9281212091445923, 0.6179243326187134, 0.5759100317955017], "30": [0.9281212091445923, 0.9231682419776917, 0.6024149656295776, 0.5712464451789856], "31": [0.7284785509109497, 0.9231682419776917, 0.9014145731925964, 0.7039880156517029, 0.8778754472732544, 0.8048887252807617, 0.6094902157783508, 0.7622341513633728, 0.5684866309165955], "32": [0.9014145731925964, 0.6913940906524658, 0.7006050944328308, 0.5437926054000854], "33": [0.6179243326187134, 0.7039880156517029, 0.576419472694397, 0.7140215635299683, 0.7261298894882202, 0.6619179248809814, 0.620061993598938, 0.6195486187934875, 0.529255211353302], "34": [0.5759100317955017, 0.576419472694397, 0.656013011932373, 0.8271417021751404, 0.7339842319488525, 0.6480816602706909, 0.6002305150032043, 0.6350051164627075, 0.5476033091545105], "35": [0.8778754472732544, 0.6913940906524658, 0.656013011932373, 0.6073681712150574, 0.5512117743492126], "36": [0.7140215635299683, 0.8271417021751404, 0.5243062376976013, 0.6063400506973267, 0.6354423761367798, 0.7042896151542664], "37": [0.6073681712150574, 0.8892276287078857, 0.6692222952842712, 0.6170422434806824, 0.7671000361442566, 0.5995592474937439], "38": [0.7261298894882202, 0.7339842319488525, 0.5243062376976013, 0.7964537739753723, 0.511932373046875, 0.633324921131134, 0.5249249339103699, 0.6617738008499146, 0.6894093751907349], "39": [0.5785132646560669, 0.507531464099884, 0.6024149656295776, 0.8048887252807617, 0.7006050944328308, 0.8892276287078857, 0.7964537739753723, 0.6781949996948242, 0.6017827987670898, 0.7782034277915955, 0.8542304635047913, 0.7564940452575684, 0.769869863986969], "40": [0.5809919834136963, 0.5712464451789856, 0.6094902157783508, 0.5512117743492126, 0.6692222952842712, 0.6781949996948242, 0.5172006487846375, 0.5538950562477112, 0.7898398637771606, 0.7367369532585144, 0.7078776359558105, 0.6420483589172363], "41": [0.6619179248809814, 0.6480816602706909, 0.511932373046875, 0.6772506833076477, 0.5747631788253784, 0.6738409399986267, 0.7324507236480713], "42": [0.5394899845123291, 0.6170422434806824, 0.6017827987670898, 0.5172006487846375, 0.7185304164886475, 0.8173370361328125, 0.5863939523696899, 0.5346603989601135], "43": [0.7622341513633728, 0.5437926054000854, 0.7671000361442566, 0.5538950562477112, 0.7185304164886475, 0.9236642718315125, 0.9280608296394348, 0.8012365102767944, 0.8268219232559204], "44": [0.620061993598938, 0.6002305150032043, 0.6468218564987183, 0.5510324239730835, 0.7180678844451904, 0.7363868355751038], "45": [0.7782034277915955, 0.7898398637771606, 0.8173370361328125, 0.9236642718315125, 0.5199224948883057, 0.7255517840385437, 0.762312114238739], "46": [0.6195486187934875, 0.6350051164627075, 0.6484806537628174, 0.5635551810264587, 0.8059946894645691, 0.7437523007392883], "47": [0.8542304635047913, 0.7367369532585144, 0.5863939523696899, 0.9280608296394348, 0.5199224948883057, 0.7301048636436462, 0.8434606790542603, 0.5101369023323059], "48": [0.529255211353302, 0.5476033091545105, 0.88298499584198, 0.7896272540092468, 0.7714205384254456, 0.838689386844635], "49": [0.7564940452575684, 0.7078776359558105, 0.5346603989601135, 0.8012365102767944, 0.7061223387718201, 0.7163321375846863, 0.838848888874054, 0.6246590614318848], "50": [0.6063400506973267, 0.633324921131134, 0.6772506833076477, 0.6468218564987183, 0.6484806537628174, 0.88298499584198, 0.5397912859916687], "51": [], "52": [0.5249249339103699, 0.5747631788253784, 0.5510324239730835, 0.5635551810264587, 0.7896272540092468, 0.5545693039894104, 0.6139174103736877, 0.5083462595939636], "53": [0.769869863986969, 0.6420483589172363, 0.8268219232559204, 0.5545693039894104, 0.8704235553741455, 0.8396181464195251, 0.915668249130249, 0.5613467693328857],