{"label": {"acc": 0.4222222222222222, "precision": 0.4501725327812285, "recall": 0.4222222222222222, "f_score": 0.4281350086228135}, "linking": {"acc": 0.00819672131147541, "precision": 0.008438818565400843, "recall": 0.2222222222222222, "f_score": 0.016260162601626015}}